Time,0,1,2,3,4,5,6,7,8,9,10,11,12,13,14,15,16,17,18,19,20,21,22,23,24,25,26,27,28,29,30,31,32,33,34,35,36,37,38,39,40,41,42,43,44,45,46,47,48,49,50,51,52,53,54,55,56,57,58,59,60,61,62,63,64,65,66,67,68,69,70,71,72,73,74,75,76,77,78,79,80,81,82,83,84,85,86,87,88,89,90,91,92,93,94,95,96,97,98,99,100,101,102,103,104,105,106,107,108,109,110,111,112,113,114,115,116,117,118,119,120,121,122,123,124,125,126,127,128,129,130,131,132,133,134,135,136,137,138,139,140,141,142,143,144,145,146,147,148,149,150,151,152,153,154,155,156,157,158,159,160,161,162,163,164,165,166,167,168,169,170,171,172,173,174,175,176,177,178,179,180,181,182,183,184,185,186,187,188,189,190,191,192,193,194,195,196,197,198,199,200,201,202,203,204,205,206,207,208,209,210,211,212,213,214,215,216,217,218,219,220,221,222,223,224,225,226,227,228,229,230,231,232,233,234,235,236,237,238,239,240,241,242,243,244,245,246,247,248,249,250,251,252,253,254,255,256,257,258,259,260,261,262,263,264,265,266,267,268,269,270,271,272,273,274,275,276,277,278,279,280,281,282,283,284,285,286,287,288,289,290,291,292,293,294,295,296,297,298,299,300,301,302,303,304,305,306,307,308,309,310,311,312,313,314,315,316,317,318,319,320,321,322,323,324,325,326,327,328,329,330,331,332,333,334,335,336,337,338,339,340,341,342,343,344,345,346,347,348,349,350,351,352,353,354,355,356,357,358,359,360,361,362,363,364,365,366,367,368,369,370,371,372,373,374,375,376,377,378,379,380,381,382,383,384,385,386,387,388,389,390,391,392,393,394,395,396,397,398,399,400,401,402,403,404,405,406,407,408,409,410,411,412,413,414,415,416,417,418,419,420,421,422,423,424,425,426,427,428,429,430,431,432,433,434,435,436,437,438,439,440,441,442,443,444,445,446,447,448,449,450,451,452,453,454,455,456,457,458,459,460,461,462,463,464,465,466,467,468,469,470,471,472,473,474,475,476,477,478,479,480,481,482,483,484,485,486,487,488,489,490,491,492,493,494,495,496,497,498,499,500,501,502,503,504,505,506,507,508,509,510,511,512,513,514,515,516,517,518,519,520,521,522,523,524,525,526,527,528,529,530,531,532,533,534,535,536,537,538,539,540,541,542,543,544,545,546,547,548,549,550,551,552,553,554,555,556,557,558,559,560,561,562,563,564,565,566,567,568,569,570,571,572,573,574,575,576,577,578,579,580,581,582,583,584,585,586,587,588,589
2008-11-09 00:17:00,3051.05,2582.08,2190.1555,1298.8207,1.3947,100.0,105.7411,0.1242,1.425,-0.021,-0.0018,0.9541,203.8701,0.0,3.0706,410.9748,10.6683,0.9636,193.2018,12.4561,1.3793,-5400.0,2575.5,-3884.75,4465.75,1.2925,1.9848,7.2652,72.7444,1.5556,0.1278,3.3627,85.3881,8.3179,50.2928,64.2195,49.7072,66.0583,86.5962,120.1074,81.06,3.074,70.0,351.4827,10.2631,126.0245,715.1029,1.014,143.7391,1.0,621.2464,131.0034,0.0,4.563,4.79,2860.0,0.9336,0.9527,4.731,1.4345,350.4073,10.6645,107.4591,13.99,18.5655,22.8282,692.2747,1.0765,149.39,1.0,607.2564,110.6315,,,0.0,0.0006,-0.041,0.0031,0.0123,0.0113,0.0146,-0.0167,0.0091,6.9574,0.1415,,2.4376,0.9899,1924.769,0.1585,8834.5399,-0.0521,-0.0002,-0.0004,0.0,0.0,-0.0043,0.0,0.011,0.014,0.0,0.0,0.0033,-0.0096,-0.0002,0.0002,0.0004,0.0185,0.0069,,,,,0.95,0.0,743.1204,0.9909,57.8999,0.6047,0.9639,6.3858,15.77,4.796,15.84,15.74,1.144,2.825,0.7833,3.238,-0.3784,0.7447,0.9957,2.3275,1003.5267,37.9309,129.0,80.0,106.5,53.6001,330.196,0.5703,0.0,6.64,0.0044,0.2022,0.0665,0.0523,0.0216,8.0066,0.0,6.7189999999999985,8.565,0.3799,0.0153,7.7497,0.18,0.042,,,736.0,752.0,1142.0,21512.0,0.234,0.101,0.141,1.2,1.8,0.13,0.376,0.5343,0.0469,0.3462,0.6495,0.3463,0.6915,0.2429,0.284,0.0,0.0,21.35,0.325,8.42,21.036,0.0522,9.51,0.0,9.1,13.992,0.0,0.0,0.0,0.0,0.0,0.0,0.17800000000000002,5.02,19.5,0.215,4.23,10.33,5.02,5.544,23.996,0.0755,8.87,0.0,10.33,56.442,0.0,0.0836,0.056,0.035,0.0147,0.0694,0.0964,0.0908,0.0611,2.2753,0.0036,,0.055,0.0015,100.8733,0.0247,1180.0,0.0,0.0148,0.0145,0.0,0.0,0.0,0.0,0.0,0.0,0.0,0.0,0.0,0.0026,0.0072,0.0,0.0,0.0,0.0,,,,,0.0122,0.0,127.6439,0.0007,4.4888,0.0253,0.0257,0.6253,0.0,0.0,0.0,0.0,0.0,0.0,0.0,0.0,0.0,0.0,0.0,0.0837,22.435,1.7356,30.8561,24.0325,36.6738,17.5607,136.0083,0.2434,0.0,2.3103,0.0012,0.0766,0.0192,0.0146,0.0072,2.5347,0.0,2.1643,2.7671,0.1126,0.0049,2.4518,0.0424,0.0185,,,343.0841,314.6103,548.4058,9494.2127,0.0959,0.0444,0.0762,0.4693,0.5681,0.0502,0.1453,0.2173,0.0212,0.1335,0.2329,0.1335,0.2688,0.094,0.1278,0.0,0.0,0.0,6.1477,0.1056,2.4876,6.0493,0.0189,2.7222,0.0,2.5376,4.4739,0.0,0.0,0.0,0.0,0.0,0.0,0.0621,1.4266,5.8632,0.0715,1.327,7.2246,1.4266,1.7327,7.3732,0.0257,3.1011,0.0,3.2852,20.5387,,,0.0,0.0253,0.0246,0.0162,0.0067,0.0232,0.0454,0.0474,0.0288,0.8493,0.0011,,0.018000000000000002,0.0005,36.3837,0.0074,351.1881,0.0,0.0036,0.0037,0.003,0.0029,0.0,0.0,0.0,0.0,0.0,0.0,0.0,0.001,0.0023,0.0,0.0,0.0,0.0,,,,,0.0037,0.0,36.74800000000001,0.0002,1.3099,0.0076,0.0083,0.2098,0.0,0.0,0.0,0.0,0.0,0.0,0.0,0.0,0.0,0.0,0.0,0.0276,7.6461,0.6262,6.0282,2.622,4.1246,2.4473,25.4228,40.8872,0.0,6.2795,3.5413,14.1895,316.0083,0.0,2.2665,3.9273,0.0,218.8146,2.0841,3.5607,1.5839,4.0112,1.4451,3.048,13.6296,29.1982,29.397,481.7108,18.1044,5.0888,1.9407,1.6496,115.7143,101.7391,11.1816,0.6257,0.5636,0.6884,1.0114,0.6967,1.0468,0.2805,0.2365,0.0,0.0,0.0,6.0743,3.1667,6.6812,2.9417,5.1469,6.6162,0.0,1.4648,10.6806,0.0,0.0,0.0,0.0,0.0,0.0,3.7624,349.9366,5.565,2.016,3.9364,73.8383,27.0395,24.2857,3.4662,7.0114,5.9375,0.0,1.7011,51.018,0.0,0.0,136.41899999999998,0.0,119.2698,611.9929,660.2739999999999,542.8999,675.1381,32.7039,2.5444,,2.2583,0.1474,5.2408,15.5843,13.3567,0.0,0.0,0.0,0.0,0.0,0.0,0.0,0.0,0.0,0.0,0.0,0.0,27.0833,0.0,0.0,0.0,0.0,0.0,,,,,1.2878,0.0,17.1767,0.0722,7.7527,4.1814,2.6673,9.7928,0.0,0.0,0.0,0.0,0.0,0.0,0.0,0.0,0.0,0.0,0.0,3.5956,2.2356,4.5757,0.1103,0.0099,0.0027,8.9461,,,,,,,,,,,,,0.9524,0.1068,0.0318,11.2186,264.272,0.5671,4.98,0.0877,2.0902,0.0382,1.8844,15.4662,536.6509,2.4087,5.86,0.3071,2.1212,0.0862,1.092,12.7505,,,,,0.5002,0.0143,0.0037,2.8566,0.0373,0.0079,0.003,21.0599
2008-11-09 05:20:00,3055.66,2625.2,2211.7222,1335.4837,1.3922,100.0,100.9256,0.1232,1.342,0.0008,0.0022,0.9559,204.2982,0.0,4.0956,416.2456,9.9146,0.9755,194.3836,12.4769,1.4136,-5763.0,2616.25,-2133.5,3809.3333,1.277,1.9367,7.2658,75.2444,1.8667,0.1448,3.4066,84.5303,8.2638,50.4559,64.3628,49.5441,65.9266,86.7056,119.6408,80.91,3.009,70.0,350.7373,10.1954,125.7618,714.4207,1.3945,144.1591,1.0,620.6582,187.0615,0.0,4.575,4.815,2855.0,0.9353,0.9502,4.7143,1.8164,347.5291,10.6967,107.5782,17.4727,18.1836,25.4759,688.9448,1.1057,148.0782,1.0,603.1855,101.5597,134.0998,469.0856,0.0,-0.0223,-0.0204,-0.038,0.0387,-0.019,0.0039,-0.0115,-0.0087,7.847,0.13,,2.4373,0.9903,1757.4892,0.2082,8188.0299,-0.0119,-0.0043,-0.003,0.0001,0.0,-0.1776,0.0,0.2551,0.0753,0.0002,0.0001,0.0562,-0.0089,-0.001,0.0043,0.003,0.1377,0.1221,,,,0.4603,0.9415,0.0,710.4381,0.9907,58.2855,0.609,0.9773,6.2333,15.7,5.244,15.74,15.66,1.286,3.811,0.9524,3.6010000000000004,0.0,0.7308,0.9973,2.3481,1007.5156,41.7414,136.0,186.3,173.9,43.3999,257.375,0.4229,0.0,2.61,0.005,0.0874,0.0563,0.0419,0.0183,7.4104,0.0,8.383,17.659000000000006,0.4921,0.0092,6.9532,0.29,0.0672,,,775.0,817.0,37943.0,16185.0,0.179,0.08199999999999999,0.266,2.0,1.6,0.155,0.522,0.8221,0.0817,0.2393,0.5653,0.2393,0.8722,0.2719,0.171,0.0,0.0,19.49,0.407,7.51,22.311,0.1119,5.51,0.0,15.13,47.90600000000001,0.0,0.0,0.0,0.0,0.0,0.0,0.232,5.28,17.31,0.267,8.72,11.21,5.28,5.537000000000001,23.649,0.1578,8.59,0.0,11.21,94.572,0.0,0.0722,0.0554,0.0342,0.0147,0.0855,0.0842,0.1017,0.1471,1.4841,0.0031,,0.0384,0.0033,113.3523,0.062,1561.2002,0.0,0.0214,0.0154,0.0,0.0,0.0,0.0,0.0,0.0,0.0,0.0,0.0,0.0041,0.006999999999999999,0.0,0.0,0.0,0.0,,,,0.0338,0.0174,0.0,156.6176,0.0006,1.7072,0.0151,0.0043,0.3615,0.0,0.0,0.0,0.0,0.0,0.0,0.0,0.0,0.0,0.0,0.0,0.0733,14.87,4.5759,35.619,65.3099,57.5701,17.0119,87.0504,0.1464,0.0,0.9766,0.0014,0.0289,0.0181,0.0105,0.0062,2.4311,0.0,2.6409,5.2179,0.1461,0.003,2.3104,0.0839,0.022,,,356.9809,383.3766,15559.9525,8703.9018,0.0824,0.0365,0.1305,0.7468,0.5545,0.0458,0.155,0.3049,0.0379,0.0925,0.219,0.0925,0.3349,0.1002,0.0803,0.0,0.0,0.0,5.7979,0.1188,2.3143,6.3553,0.0389,1.8161,0.0,4.2227,14.8487,0.0,0.0,0.0,0.0,0.0,0.0,0.0685,1.9076,5.0993,0.0829,2.2114,7.5606,1.9076,1.9007,7.2263,0.0511,2.9049,0.0,3.2254,33.819,1.9671,2.4245,0.0,0.0226,0.0264,0.0153,0.0064,0.0279,0.0428,0.0567,0.0693,0.4883,0.0009,,0.0121,0.001,45.8098,0.0192,500.3142,0.0,0.0059,0.005,0.0042,0.0026,0.0,0.0,0.0,0.0,0.0,0.0,0.0,0.0016,0.0021,0.0,0.0,0.0,0.0,,,,0.0085,0.0071,0.0,49.4603,0.0002,0.4417,0.0039,0.0013,0.1054,0.0,0.0,0.0,0.0,0.0,0.0,0.0,0.0,0.0,0.0,0.0,0.0266,4.8927,1.6235,5.7517,6.0969,6.6243,1.9623,19.272,30.38,0.0,2.5861,4.0577,6.5127,0.0,0.0,1.9196,3.6272,0.0,204.6813,4.2424,4.9635,0.9418,3.577,2.3243,4.7559,13.4479,31.2279,0.0,424.8775,14.0172,4.2339,3.661,2.658,85.7143,107.0606,15.3234,0.9726,0.989,0.4743,0.8783,0.483,1.3230000000000002,0.3136,0.1429,0.0,0.0,0.0,5.5569,3.992,5.9716,3.1229,8.022,3.8222,0.0,2.4377,25.6097,0.0,0.0,0.0,0.0,0.0,0.0,4.9212,290.6907,4.9809,2.4961,8.1057,64.1571,29.0371,21.7343,3.4326,14.2688,5.801,0.0,1.8585,93.1196,0.0,324.3122,272.2359,90.0592,37.96,449.852,0.0,886.2745,0.0,18.9135,2.3844,,1.5775,0.3345,6.4497,29.775,19.0669,0.0,493.3718,509.0909,0.0,0.0,0.0,0.0,0.0,0.0,0.0,0.0,0.0,46.0028,691.3580000000002,0.0,0.0,0.0,0.0,,,,7.3436,1.8473,0.0,22.0452,0.0615,2.929,2.4773,0.4421,5.7994,0.0,0.0,0.0,0.0,0.0,0.0,0.0,0.0,0.0,0.0,0.0,3.1227,1.4759,10.9625,0.1107,0.0065,0.002,5.8816,1.413,406.148,71.554,1.382,15.99,0.84,0.5927,7.5448,0.3358,97.8073,3.937,1.1739,0.9519,0.0806,0.022,8.4661,,,,,,,,,534.0891,2.1926,9.81,0.4124,3.5109,0.1095,1.8368,18.8079,,,,,0.5019,0.0222,0.0044,4.4239,0.0373,0.0079,0.003,21.0599
2008-11-09 06:04:00,3043.14,2517.25,2190.1555,1298.8207,1.3947,100.0,105.7411,0.1242,1.4692,-0.0216,-0.0056,0.9662,199.1765,0.0,4.7801,408.385,9.7815,0.9784,189.395,12.5096,1.4295,-5646.5,2648.5,-1289.25,-625.0,1.2883,2.0248,7.382999999999999,72.6222,2.4778,0.1658,3.3651,86.1155,8.5801,50.294,64.0748,49.7061,65.8602,86.9331,119.2266,79.31,3.3310000000000004,70.0,349.2064,10.1891,134.2664,724.9828,1.0215,144.23,1.0,627.7027,132.4059,0.0,4.601,4.846,2855.0,0.9311,0.9494,4.6724,0.56,350.2664,10.4519,114.8264,12.9118,19.44,25.7696,699.2132,0.8507,149.6982,1.0,614.7909,87.6491,148.6945,466.0964,0.0,-0.013,-0.0295,0.0759,0.0068,0.0007,0.0129,-0.0445,-0.0045,7.7566,0.1289,0.1098,2.3937,0.9906,1816.1957,0.1646,8900.9999,-0.0721,-0.0001,0.0001,0.0,0.0,0.0414,0.0,0.2134,0.0233,-0.0004,0.0001,-0.0039,-0.0124,-0.0003,0.0002,-0.0001,-0.1345,-0.0971,0.9797,102.7568,231.0005,,0.964,0.0,763.8291,0.9908,58.3578,0.6149,0.9785,6.4289,15.77,4.796,15.84,15.74,1.144,2.825,0.7833,3.238,-0.3784,0.7447,0.9957,2.3275,1003.5267,37.9309,173.0,80.9,101.3,53.6001,330.196,0.5703,0.0,6.64,0.0044,0.1105,0.0469,0.0427,0.0107,7.9995,0.0,8.237,16.932000000000002,0.5033,0.0057,7.547999999999999,0.22,0.1372,,,103.0,397.0,10804.0,2949.0,0.165,0.118,0.111,2.7,2.3,0.18600000000000005,0.361,0.7151,0.0325,0.2842,0.6629,0.2843,0.9018,0.2087,0.242,0.0,0.0,16.63,0.273,7.95,23.764,0.1203,5.81,0.0,13.84,20.066,0.0,0.0,0.0,0.0,0.0,0.0,0.17800000000000002,10.79,18.51,0.254,7.11,18.4,10.79,13.317,30.688,0.0812,7.92,0.0,18.4,77.343,0.0,0.1003,0.0751,0.0972,0.0418,0.0707,0.1077,0.0286,0.037000000000000005,3.4215,0.0032,0.0085,0.0348,0.0008,156.333,0.0365,575.5,0.0,0.0211,0.0148,0.0,0.0,0.0,0.0,0.0,0.0,0.0,0.0,0.0,0.006999999999999999,0.0077,0.0,0.0,0.0,0.0,0.0022,0.8756,3.9482,,0.011,0.0,51.06800000000001,0.0008,1.0706,0.0231,0.0038,0.4681,0.0,0.0,0.0,0.0,0.0,0.0,0.0,0.0,0.0,0.0,0.0,0.0837,22.435,1.7356,33.2417,22.5639,34.0486,17.5607,136.0083,0.2434,0.0,2.3103,0.0012,0.043,0.013,0.0098,0.0036,2.5758,0.0,2.8107,5.4053,0.1426,0.0019,2.4425,0.0664,0.0389,,,47.934,181.8727,5242.5157,1310.42,0.0711,0.0505,0.0533,0.8318,0.6572,0.0501,0.1076,0.2643,0.0133,0.1036,0.235,0.1036,0.3668,0.0898,0.1041,0.0,0.0,0.0,5.029,0.0746,2.4878,6.4576,0.0328,1.6289,0.0,3.7367,5.9643,0.0,0.0,0.0,0.0,0.0,0.0,0.0633,3.0119,5.5469,0.0846,1.9428,7.387,3.0119,3.8782,9.484,0.0287,2.4621,0.0,5.1464,27.9577,7.2011,4.0388,0.0,0.0263,0.0327,0.0405,0.0186,0.0235,0.0536,0.0118,0.0187,1.1403,0.0009,0.0025,0.0128,0.0003,47.2458,0.0148,180.2312,0.0,0.0062,0.0044,0.0028,0.003,0.0,0.0,0.0,0.0,0.0,0.0,0.0,0.0028,0.0024,0.0,0.0,0.0,0.0,0.0006,0.2663,1.4632,,0.003,0.0,16.7192,0.0003,0.3726,0.0078,0.0011,0.1509,0.0,0.0,0.0,0.0,0.0,0.0,0.0,0.0,0.0,0.0,0.0,0.0276,7.6461,0.6262,8.0402,2.6584,4.0242,2.4473,25.4228,40.8872,0.0,6.2795,3.5413,7.521,217.3812,762.5,1.1064,4.0163,0.0,172.3189,4.1461,5.145,0.581,3.9853,1.7587,9.5961,1.8241,14.9896,838.0066,471.84,12.8081,5.8279,1.5035,3.7179,92.8251,112.1984,10.7277,0.8304,0.379,0.5651,1.0346,0.5720000000000001,1.3693,0.2401,0.203,0.0,0.0,0.0,4.7622,2.6793,5.9211,3.2779,11.7804,4.0283,0.0,2.2049,15.1549,0.0,0.0,0.0,0.0,0.0,0.0,3.8096,0.0,5.2846,2.4302,6.192,142.5054,55.5041,51.677,4.3889,9.5467,5.2906,0.0,2.9929,88.2416,0.0,770.0576,254.5763,128.1477,616.9742,0.0,834.8837,64.3058,813.1868,44.1102,2.4828,7.7241,1.4536,0.0769,8.6077,22.1792,6.4656,0.0,0.0,0.0,0.0,0.0,0.0,0.0,0.0,0.0,0.0,0.0,0.0,56.4516,0.0,0.0,0.0,0.0,0.0,0.226,0.8521,1.7092,,1.1422,0.0,6.6858,0.0809,1.8345,3.7547,0.3932,7.2813,0.0,0.0,0.0,0.0,0.0,0.0,0.0,0.0,0.0,0.0,0.0,3.5956,2.2356,4.5757,0.1098,0.0085,0.0025,7.7241,,,,,,,,,,,,,0.9524,0.1068,0.0318,11.2186,247.058,0.6687,4.91,0.1878,1.8949,0.0756,1.9874,28.0797,532.5573,2.1761,13.35,0.2637,4.874,0.0772,2.5068,12.1186,,,,,0.5056,0.0208,0.0051,4.1174,0.0373,0.0079,0.003,21.0599
2008-11-09 07:43:00,2982.59,2466.86,2117.5889,894.0996,1.433,100.0,106.4944,0.1253,1.4418,-0.0096,0.0006,0.9772,198.9694,0.0,12.3992,432.6314,9.3928,0.9806,189.5765,12.5153,1.4155,-5544.25,2771.5,-5611.25,464.75,1.2635,1.9905,7.2492,76.3556,2.4222,0.1677,3.3586,83.6264,8.3006,50.3196,64.2059,49.6804,65.9546,86.6896,119.8088,81.55,3.147,70.0,348.1473,10.0945,144.54,738.9597,1.3353,143.4191,1.0,636.1064,203.1767,0.0,4.55,4.806,2864.0,0.9308,0.9467,4.4988,-1.1427,349.0536,10.3711,123.3973,13.1664,21.1427,29.0083,709.9515,1.0228,150.4891,1.0,622.94,107.5748,,,0.0,-0.0106,-0.0191,-0.0213,-0.032,0.0072,0.0608,-0.0103,0.0202,7.0898,0.1453,,2.3918,0.9897,1782.0579,0.1933,9092.5899,-0.0464,0.0011,-0.0004,0.0002,0.0,-0.2579,0.0,0.159,0.1274,0.0005,0.0001,0.0447,-0.0064,-0.0017,-0.0011,0.0005,0.0216,0.0295,,,,,0.9402,0.0,691.2983,0.9905,58.6664,0.6207,0.9667,6.4225,15.78,4.666,15.83,15.78,1.144,2.786,0.7879999999999999,3.215,0.0473,0.8216,0.997,2.3207,1007.2267,39.3938,97.0,71.1,103.6,58.4001,185.99,0.1528,0.0,5.81,0.0049,0.0598,0.0492,0.0337,0.0068,8.3468,0.0,8.22,5.334,0.4013,0.0054,8.0433,0.24,0.0363,,,587.0,582.0,4713.0,396.0,0.282,0.115,0.18,1.6,1.6,0.151,0.243,0.7047,0.1135,0.3051,0.5407,0.3051,0.8264,0.2602,0.315,0.0,0.0,18.21,0.34,14.64,23.102,0.1867,6.36,0.0,14.19,86.206,0.0,0.0,0.0,0.0,0.0,0.0,0.319,16.22,26.05,0.342,28.2,14.95,16.22,18.997,26.993,0.1477,5.79,0.0,14.95,54.355,0.0,0.076,0.0341,0.029,0.0805,0.0838,0.0482,0.0893,0.0345,2.8053,0.0041,,0.0398,0.0014,127.7313,0.0307,2009.2002,0.0,0.0167,0.021,0.0,0.0,0.0,0.0,0.0,0.0,0.0,0.0,0.0,0.0047,0.006999999999999999,0.0,0.0,0.0,0.0,,,,,0.0292,0.0,183.4126,0.0009,3.1782,0.0204,0.0251,0.4789,0.0,0.0,0.0,0.0,0.0,0.0,0.0,0.0,0.0,0.0,0.0,0.0864,11.14,4.1829,26.585,21.8233,32.7359,21.8805,53.7682,0.0564,0.0,1.8271,0.0014,0.0222,0.0162,0.0116,0.0022,2.564,0.0,2.3776,1.5668,0.126,0.0017,2.4611,0.0659,0.0151,,,268.1248,260.0442,2300.6378,172.5328,0.1192,0.0524,0.0832,0.6483,0.4522,0.0417,0.0783,0.2747,0.0448,0.1178,0.2074,0.1178,0.3099,0.0997,0.122,0.0,0.0,0.0,5.472,0.0987,4.1336,6.957000000000002,0.0492,2.0056,0.0,4.7778,25.9477,0.0,0.0,0.0,0.0,0.0,0.0,0.1047,4.2474,7.3311,0.0959,7.7346,11.8683,4.2474,4.8846,9.4636,0.0438,2.1119,0.0,4.8465,15.4424,,,0.0,0.0249,0.0164,0.012,0.039,0.0226,0.0211,0.047,0.0169,1.0075,0.0011,,0.0143,0.0005,50.2701,0.0113,664.9973,0.0,0.0038,0.0053,0.0043,0.0037,0.0,0.0,0.0,0.0,0.0,0.0,0.0,0.0017,0.0022,0.0,0.0,0.0,0.0,,,,,0.0097,0.0,60.205,0.0003,0.9539,0.0077,0.0087,0.1658,0.0,0.0,0.0,0.0,0.0,0.0,0.0,0.0,0.0,0.0,0.0,0.0289,3.8469,1.3047,4.3908,2.3838,4.1997,2.7579,20.8019,10.6665,0.0,5.4557,3.9098,4.1477,511.501,0.0,0.6947,4.195,0.0,66.2947,1.2329,4.2721,0.5536,4.2428,1.9177,2.5616,10.5875,20.9995,83.992,85.2071,22.319000000000006,5.7774,2.483,2.0955,66.055,90.0596,7.2353,0.8427,1.367,0.6063,0.8421,0.6141,1.253,0.3002,0.2629,0.0,0.0,0.0,5.2305,3.3682,10.1287,3.1263,13.9827,4.4346,0.0,2.2308,42.4291,0.0,0.0,0.0,0.0,0.0,0.0,7.0907,0.0,7.462999999999999,3.2976,22.853,113.5466,76.7167,65.4883,3.8021,14.4386,3.8475,0.0,2.3999,50.5276,0.0,714.4536,178.53400000000005,136.3102,251.5625,0.0,79.2763,871.2195,170.581,39.5681,2.8211,,1.6658,0.1425,7.1676,15.8972,22.0971,0.0,0.0,0.0,0.0,0.0,0.0,0.0,0.0,0.0,0.0,0.0,0.0,73.2943,408.7591,0.0,0.0,0.0,0.0,,,,,3.1005,0.0,26.5316,0.0935,5.4175,3.2894,2.5988,7.4566,0.0,0.0,0.0,0.0,0.0,0.0,0.0,0.0,0.0,0.0,0.0,3.7232,1.106,10.6182,0.1107,0.0065,0.002,5.8816,1.3906,402.606,78.214,0.9285,16.99,0.84,0.3783,7.6137,0.3235,66.7668,4.22,1.074,0.9823,0.1526,0.0377,15.5386,264.272,0.5671,4.98,0.0877,2.0902,0.0382,1.8844,15.4662,535.4918,2.2717,6.56,0.3269,2.0663,0.0901,1.225,14.3891,,,,,0.4986,0.0172,0.0038,3.4561,0.0373,0.0079,0.003,21.0599
2008-11-09 08:06:00,3068.42,2570.5,2190.1555,1298.8207,1.3947,100.0,105.7411,0.1242,1.4279,-0.0212,-0.0178,0.9673,198.8994,0.0,3.2825,400.3222,10.6916,0.9799,188.2077,12.522,1.4166,-5310.5,2775.25,-3845.5,-2272.75,1.3090000000000002,1.9758,7.2577,75.2667,2.0889,0.1749,3.4,85.7059,8.2395,50.344,64.1495,49.65600000000001,65.9946,86.5783,120.0346,80.93,3.527,70.0,350.3355,10.2153,125.1773,712.7835,1.357,144.8745,1.0,620.3873,191.2494,0.0,4.547,4.8260000000000005,2860.0,0.9339,0.9422,4.7208,5.4718,347.7836,10.6824,110.6491,17.0018,14.5282,20.8541,691.9294,1.0979,144.9527,1.0,603.3855,86.3952,,,0.0,-0.0002,-0.0329,-0.0179,-0.0668,-0.0091,0.0009,-0.0179,-0.0478,7.3375,0.1307,0.1159,2.3766,0.9905,1797.1417,0.204,8863.07,0.0317,0.0003,-0.0023,0.0001,0.0,-0.0856,0.0,0.1037,-0.0149,0.0001,0.0,-0.0087,-0.0107,0.0002,-0.0003,0.0023,0.0607,0.0432,0.9791,101.851,230.8342,,0.9614,0.0,761.0143,0.991,58.3287,0.6026,0.9673,6.3114,15.77,4.796,15.84,15.74,1.144,2.825,0.7833,3.238,-0.3784,0.7447,0.9957,2.3275,1003.5267,37.9309,76.0,195.2,122.0,53.6001,330.196,0.5703,0.0,6.64,0.0044,0.0989,0.0618,0.0568,0.0107,8.3595,0.0,4.565,19.61,0.4531,0.0053,8.0378,0.25,0.0645,,,534.0,459.0,1442.0,5556.0,0.249,0.116,0.206,2.3,2.5,0.1,0.529,0.8756,0.0704,0.264,0.4991,0.264,0.8387,0.2371,0.241,0.0,0.0,19.95,0.42,7.86,20.351,0.1799,6.67,0.0,12.71,79.48,0.0,0.0,0.0,0.0,0.0,0.0,0.18,4.86,19.49,0.264,7.99,13.35,4.86,5.018,22.586,0.2606,8.84,0.0,13.35,65.781,0.0,0.1344,0.0656,0.042,0.0341,0.0619,0.0635,0.0893,0.0249,3.0544,0.0034,0.008,0.0689,0.0008,81.5529,0.0863,922.8994,0.0,0.0124,0.0107,0.0,0.0,0.0,0.0,0.0,0.0,0.0,0.0,0.0,0.0056,0.0049,0.0,0.0,0.0,0.0,0.0019,1.2082,4.7965,,0.0201,0.0,119.2139,0.0007,1.0394,0.0197,0.02,0.5806,0.0,0.0,0.0,0.0,0.0,0.0,0.0,0.0,0.0,0.0,0.0,0.0837,22.435,1.7356,23.5354,62.7835,37.956,17.5607,136.0083,0.2434,0.0,2.3103,0.0012,0.0401,0.0192,0.0168,0.0035,2.5698,0.0,1.7928,5.9426,0.1302,0.0017,2.4808,0.0715,0.0246,,,255.3409,195.8407,635.4681,2544.2396,0.102,0.0474,0.0926,0.7433,0.6659999999999999,0.0345,0.1746,0.338,0.0255,0.1148,0.184,0.1148,0.3116,0.0879,0.1055,0.0,0.0,0.0,5.5698,0.1373,2.3997,5.7846,0.0521,2.112,0.0,3.7049,23.9427,0.0,0.0,0.0,0.0,0.0,0.0,0.0615,1.5469,6.0356,0.0861,2.4147,7.9719,1.5469,1.7791,7.1299,0.0776,2.7504,0.0,3.8057,20.9685,,,0.0,0.031,0.0307,0.0179,0.0165,0.0192,0.027000000000000003,0.0434,0.0119,1.3179,0.0009,0.0023,0.0239,0.0003,24.268,0.0256,317.6889,0.0,0.0032,0.0029,0.0024,0.002,0.0,0.0,0.0,0.0,0.0,0.0,0.0,0.0017,0.0017,0.0,0.0,0.0,0.0,0.0006,0.3636,1.7108,,0.0062,0.0,37.522,0.0002,0.3426,0.0073,0.0073,0.1949,0.0,0.0,0.0,0.0,0.0,0.0,0.0,0.0,0.0,0.0,0.0,0.0276,7.6461,0.6262,3.439,6.3616,4.7462,2.4473,25.4228,40.8872,0.0,6.2795,3.5413,6.9263,291.3377,319.2132,1.1061,4.2029,0.0,139.0689,4.8986,4.2381,0.54,4.2707,1.9965,4.5496,10.0556,16.5391,37.4984,244.4616,19.0222,5.8712,2.8383,3.0558,119.6809,57.1792,15.5588,1.0216,0.8549,0.5244,0.778,0.5317,1.2709,0.2739,0.2008,0.0,0.0,0.0,5.6945,4.1115,6.2791,2.8551,13.2549,4.604,0.0,2.0487,41.5583,0.0,0.0,0.0,0.0,0.0,0.0,3.8129,88.8187,5.6041,2.4714,7.221,78.5208,33.4522,24.0626,3.2642,23.7372,6.0985,0.0,2.2125,76.1397,0.0,0.0,199.5437,234.6369,51.0288,680.6873,0.0,498.8827,52.1193,41.628,2.6012,6.9049,2.8982,0.0768,4.5379,42.3231,10.4129,0.0,0.0,456.5333,0.0,0.0,0.0,0.0,0.0,0.0,0.0,0.0,0.0,52.3364,0.0,0.0,0.0,0.0,0.0,0.1933,1.1863,2.0779,,2.0908,0.0,15.6651,0.0723,1.7819,3.2698,2.0705,9.1996,0.0,0.0,0.0,0.0,0.0,0.0,0.0,0.0,0.0,0.0,0.0,3.5956,2.2356,4.5757,0.1159,0.008,0.0023,6.9049,1.0312,403.45,76.8,0.5948,11.27,1.11,0.2446,5.2042,0.424,57.6863,2.7934,1.4453,0.9854,0.1352,0.0372,13.7196,264.272,0.5671,4.98,0.0877,2.0902,0.0382,1.8844,15.4662,536.6509,2.4087,5.86,0.3071,2.1212,0.0862,1.092,12.7505,,,,,0.4977,0.0158,0.0035,3.1834,0.0373,0.0079,0.003,21.0599
2008-11-09 08:58:00,3068.45,2575.33,2130.0556,874.9165,1.2545,100.0,105.9011,0.1253,1.4169,-0.0103,-0.0171,0.9652,199.0456,0.0,9.0412,405.6423,9.7287,0.9803,189.3169,12.5288,1.4096,-5377.25,2642.5,-3787.25,-3625.0,1.3133,1.9395,7.1283,72.0778,2.5333,0.1968,3.406,84.8937,8.6074,50.3191,64.2041,49.6809,65.8516,87.024,119.1106,78.49,2.653,70.0,350.2873,9.9717,139.3318,730.1735,0.917,132.2355,1.0,621.8545,114.1648,0.0,4.596,4.841,2849.0,0.9353,0.9495,4.7071,-4.6736,350.2527,10.3705,114.6582,12.7581,24.6736,31.3776,698.7958,0.7891,144.1855,1.0,609.0964,91.1904,,,0.0,0.0255,-0.002,-0.0234,0.0208,-0.0015,-0.0115,-0.011,-0.0094,7.5724,0.1286,,2.3829,0.987,1748.2561,0.1906,9341.05,0.0,0.0014,0.0012,0.0,0.0,0.0,0.0,0.0,0.0,0.0,0.0,0.0,-0.0086,-0.0001,0.0,0.0,0.0,0.0,,,,,0.9367,0.0,779.2464,0.9912,58.6841,0.5984,0.9819,5.8468,15.77,4.796,15.84,15.74,1.144,2.825,0.7833,3.238,-0.3784,0.7447,0.9957,2.3275,1003.5267,37.9309,129.0,73.0,100.6,53.5,539.658,0.5997,0.0,11.04,0.0051,0.104,0.0337,0.0568,0.0125,15.2846,0.0,5.694,8.414,0.5044,0.0059,14.8517,0.21,0.0378,,,1029.0,316.0,1515.0,10511.0,0.159,0.12,0.311,2.1,1.1,0.159,0.399,0.746,0.1166,0.4131,0.6374,0.4131,0.7854,0.1896,0.307,0.0,0.0,18.19,0.49,7.45,22.426,0.0806,4.93,0.0,16.91,37.483,0.0,0.0,0.0,0.0,0.0,0.0,0.192,5.04,18.88,0.252,5.77,22.15,5.04,5.9689999999999985,24.301,0.1724,11.09,0.0,22.15,83.57,0.0,0.0946,0.0626,0.0201,0.0558,0.1016,0.1534,0.1076,0.0221,3.2775,0.003,,0.0522,0.0024,146.3693,0.0306,995.4004,0.0,0.0084,0.0106,0.0,0.0,0.0,0.0,0.0,0.0,0.0,0.0,0.0,0.0032,0.0033,0.0,0.0,0.0,0.0,,,,,0.0413,0.0,102.2817,0.0007,1.8729,0.0214,0.0019,0.1269,0.0,0.0,0.0,0.0,0.0,0.0,0.0,0.0,0.0,0.0,0.0,0.0837,22.435,1.7356,30.8561,21.9579,34.859,20.2182,171.8291,0.2354,0.0,2.9261,0.0014,0.0348,0.0096,0.0154,0.0043,4.5581,0.0,2.0228,2.5174,0.1427,0.002,4.4474,0.0585,0.0129,,,459.4848,135.1653,665.1227,4756.1583,0.0762,0.0594,0.1346,0.6399,0.4243,0.0543,0.1345,0.2872,0.0487,0.168,0.24,0.168,0.2965,0.073,0.1211,0.0,0.0,0.0,5.6868,0.1658,2.2643,6.5735,0.0236,1.4746,0.0,4.9313,10.9109,0.0,0.0,0.0,0.0,0.0,0.0,0.0631,1.446,5.8972,0.0849,1.8704,8.4138,1.446,1.6755,7.4821,0.0609,2.8634,0.0,5.7879,23.6326,,,0.0,0.0253,0.0262,0.0098,0.024,0.0241,0.0753,0.0541,0.0098,1.0963,0.0009,,0.0179,0.0009,42.7579,0.0109,280.6544,0.0,0.0024,0.003,0.0,0.0,0.0,0.0,0.0,0.0,0.0,0.0,0.0,0.0012,0.0011,0.0,0.0,0.0,0.0,,,,,0.0119,0.0,27.9597,0.0002,0.5464,0.0079,0.0007,0.0342,0.0,0.0,0.0,0.0,0.0,0.0,0.0,0.0,0.0,0.0,0.0,0.0276,7.6461,0.6262,6.0282,2.3791,3.9063,2.5117,61.6811,47.8035,0.0,10.4248,4.0694,7.34,326.5899,331.3161,1.2957,7.6789999999999985,0.0,62.9785,2.0742,5.1848,0.6012,7.8449,1.6761,2.6823,19.1362,11.9584,40.0026,289.9586,12.1074,6.1872,4.3629,2.9135,43.4211,80.8018,11.7146,0.8787,1.3549,0.821,0.9928,0.8315,1.1927,0.2179,0.2577,0.0,0.0,0.0,5.1929,4.9139,5.3469,3.0713,8.7878,3.7282,0.0,2.7193,32.8324,0.0,0.0,0.0,0.0,0.0,0.0,4.079,107.8389,5.3904,2.43,5.0324,173.6146,20.4267,19.0231,3.4775,21.8516,7.6915,0.0,3.6365,91.6435,0.0,370.5263,0.0,85.8058,268.2692,0.0,0.0,982.6484,235.1064,43.2816,2.3322,,2.191,0.2461,8.3723,16.0717,10.6562,0.0,579.3103,916.7568,0.0,0.0,0.0,0.0,0.0,0.0,0.0,0.0,0.0,37.1553,0.0,0.0,0.0,0.0,0.0,,,,,4.4072,0.0,13.1257,0.0727,3.1915,3.5769,0.1949,2.17,0.0,0.0,0.0,0.0,0.0,0.0,0.0,0.0,0.0,0.0,0.0,3.5956,2.2356,4.5757,0.1078,0.0089,0.0023,8.2903,1.1888,401.76,83.27,0.8382,18.31,1.55,0.3751,8.8445,0.7913,70.506,4.5574,1.8614,0.9526,0.1754,0.0451,18.4161,264.272,0.5671,4.98,0.0877,2.0902,0.0382,1.8844,15.4662,533.3882,2.3461,8.63,0.4327,3.0837,0.1285,1.618,18.4445,,,,,0.4982,0.0095,0.0031,1.9103,0.0373,0.0079,0.003,21.0599
2008-11-09 09:24:00,2978.45,2504.94,2181.0444,939.8456,1.3968,100.0,104.0133,0.1214,1.3596,-0.0138,-0.0025,0.9705,198.8238,0.0,13.4156,431.2361,9.3549,0.9755,189.4688,12.4561,1.4085,-5528.75,2724.0,-2563.5,-5340.3333,1.3115,1.9955,7.3063,72.3,2.0778,0.1509,3.383,85.3881,8.3179,50.2928,64.2195,49.7072,66.0583,86.5962,120.1074,81.06,3.074,70.0,353.1055,10.1745,127.3,719.2029,1.3713,144.6618,1.0,625.0673,210.8891,0.0,4.563,4.79,2860.0,0.9336,0.9527,4.731,1.2691,350.4455,10.6564,108.5691,17.2464,18.7309,26.114,693.0889,1.0983,148.8064,1.0,607.8209,98.3815,,,0.0,0.0044,-0.0145,-0.0366,0.0244,0.0089,0.033,-0.0275,0.0012,6.6781,0.1272,,2.3198,0.9877,1782.2554,0.1977,8741.0,0.0074,0.0014,-0.0025,0.0001,0.0,-0.1253,0.0,0.0729,0.0474,0.0003,0.0,-0.0306,-0.0093,-0.0006,-0.0014,0.0026,-0.0147,-0.032,,,,0.4627,0.9628,0.0,741.9351,0.9909,58.5549,0.6101,0.9654,6.3684,15.78,4.666,15.83,15.78,1.144,2.786,0.7879999999999999,3.215,0.0473,0.8216,0.997,2.3207,1007.2267,39.3938,122.0,76.1,47.5,51.3,293.466,0.113,0.0,5.04,0.0041,0.0989,0.0749,0.0368,0.012,8.3065,0.0,10.901,7.007999999999999,0.4043,0.0089,7.9023,0.18,0.0528,,,1081.0,230.0,7049.0,6256.0,0.199,0.189,0.181,1.9,2.5,0.2,0.621,0.5343,0.0469,0.3462,0.6495,0.3463,0.6915,0.2429,0.284,0.0,0.0,17.3,0.446,8.57,20.488000000000003,0.0692,6.91,0.0,8.39,88.40700000000002,0.0,0.0,0.0,0.0,0.0,0.0,0.17800000000000002,7.26,20.3,0.202,3.15,14.53,7.26,11.396,26.333,0.0745,9.8,0.0,14.53,66.05199999999999,0.0,0.1304,0.0295,0.0393,0.0139,0.1043,0.0465,0.1125,0.011,3.7463,0.0034,,0.0642,0.0023,116.6599,0.0264,786.2998,0.0,0.0119,0.0108,0.0,0.0,0.0,0.0,0.0,0.0,0.0,0.0,0.0,0.0044,0.0069,0.0,0.0,0.0,0.0,,,,0.0142,0.0301,0.0,96.296,0.0011,2.0313,0.012,0.0253,0.5945,0.0,0.0,0.0,0.0,0.0,0.0,0.0,0.0,0.0,0.0,0.0,0.0864,11.14,4.1829,31.7022,25.0821,13.9702,19.0307,85.0393,0.0455,0.0,1.7311,0.0013,0.0333,0.0213,0.0099,0.0039,2.6481,0.0,3.5383,2.2442,0.1262,0.003,2.5502,0.0424,0.0175,,,491.5698,100.5419,3069.6020000000008,3406.8263,0.0834,0.0823,0.0741,0.6021,0.6815,0.0646,0.2281,0.2173,0.0212,0.1335,0.2329,0.1335,0.2688,0.094,0.1278,0.0,0.0,0.0,5.5802,0.117,2.6507,5.8949,0.0272,2.317,0.0,2.4755,29.6936,0.0,0.0,0.0,0.0,0.0,0.0,0.0621,2.1098,5.9529999999999985,0.0747,0.9332,7.1701,2.1098,3.2411,7.7849,0.0236,2.9954,0.0,3.9492,24.9519,,,0.0,0.0301,0.014,0.0177,0.0057,0.0313,0.0212,0.0536,0.0047,1.3857,0.001,,0.0221,0.0009,47.328,0.0095,255.6624,0.0,0.0026,0.0034,0.0026,0.0027,0.0,0.0,0.0,0.0,0.0,0.0,0.0,0.0015,0.0022,0.0,0.0,0.0,0.0,,,,0.0041,0.0086,0.0,28.4294,0.0003,0.5247,0.0045,0.0085,0.1966,0.0,0.0,0.0,0.0,0.0,0.0,0.0,0.0,0.0,0.0,0.0,0.0289,3.8469,1.3047,5.7871,2.555,1.8963,2.3521,31.2249,8.0907,0.0,4.8455,3.3775,7.2742,542.2624,0.0,1.2354,4.1778,0.0,81.2559,1.6251,4.3215,0.9145,4.1708,1.4451,3.7509,19.5523,8.4435,274.9756,117.1462,15.1735,9.4713,2.4773,2.6279,120.3209,132.5479,18.3565,0.6257,0.5636,0.6884,1.0114,0.6967,1.0468,0.2805,0.2365,0.0,0.0,0.0,4.8994,4.3835,6.7321,2.8487,5.0427,4.7766,0.0,1.3423,41.9211,0.0,0.0,0.0,0.0,0.0,0.0,3.7624,572.063,5.7926,1.8956,2.9014,84.2495,38.7595,43.6395,3.7994,6.7869,6.5857,0.0,2.3905,67.1387,0.0,0.0,203.4483,107.4504,57.0256,0.0,141.1229,408.7193,880.0,56.0986,2.672,,2.7685,0.2375,6.5456,13.3411,8.9955,0.0,850.0,425.6158,0.0,0.0,0.0,0.0,0.0,0.0,0.0,0.0,0.0,47.5034,0.0,0.0,0.0,0.0,0.0,,,,3.0743,3.1263,0.0,12.979,0.1072,3.469,1.9613,2.6214,9.3356,0.0,0.0,0.0,0.0,0.0,0.0,0.0,0.0,0.0,0.0,0.0,3.7232,1.106,10.6182,0.1103,0.0099,0.0027,8.9461,,,,,,,,,,,,,0.9735,0.1966,0.0398,20.1929,258.346,0.6549,1.66,0.1254,0.6279,0.0492,0.6425,19.1438,535.6282,2.2411,9.11,0.2426,3.0971,0.0689,1.7008,10.8262,,,,,0.4999,0.0121,0.0033,2.4135,0.0373,0.0079,0.003,21.0599
2008-11-09 12:47:00,2928.55,2579.84,2181.0444,939.8456,1.3968,100.0,104.0133,0.1214,1.3386,-0.0006,0.006,0.967,198.1278,0.0,2.9405,410.5535,9.4039,0.9778,188.7238,12.4982,1.4107,-5275.0,2481.0,-3562.25,-19.5,1.3628,1.9697,7.2029999999999985,73.6889,2.1667,0.13699999999999998,3.417,83.779,8.3006,50.3635,64.3058,49.6365,65.9432,86.6256,119.7496,80.55,3.287,70.0,350.1136,10.192,126.8636,713.3832,0.97,143.6018,1.0,620.5791,126.2469,0.0,4.563,4.801,2856.0,0.9344,0.9503,4.7198,1.6309,348.3309,10.7405,108.4945,16.1182,18.3691,23.7598,689.6234,1.0591,147.6355,1.0,604.4609,82.2305,137.1905,467.2704,0.0,0.004,-0.0306,0.0494,-0.0083,-0.0233,0.0028,-0.0035,0.0132,6.3789,0.1328,,2.4378,0.9662,1837.5534,0.2,8611.6499,0.0107,-0.0018,-0.0105,0.0001,0.0,-0.1571,0.0,-0.0653,0.0,0.0006,0.0,-0.0029,-0.0074,0.0,0.0018,0.0105,-0.0599,-0.0182,,,,,0.9495,0.0,749.7493,0.9919,57.503,0.6012,0.9667,6.3319,15.7,5.244,15.74,15.66,1.286,3.811,0.9524,3.6010000000000004,0.0,0.7308,0.9973,2.3481,1007.5156,41.7414,117.0,137.4,74.3,51.3,293.466,0.113,0.0,5.04,0.0041,0.1036,0.0593,0.0719,0.0122,9.3062,0.0,3.701,11.164,0.3734,0.0067,8.9328,0.54,0.0625,,,658.0,593.0,2328.0,1100.0,0.211,0.139,0.338,1.0,1.0,0.115,0.433,0.6837,0.1092,0.4315,0.7023,0.4315,0.8577,0.3355,0.205,0.0,0.0,17.52,0.394,7.72,22.454,0.0909,5.81,0.0,13.4,21.891,0.0,0.0,0.0,0.0,0.0,0.0,0.2,4.42,19.24,0.309,4.9,11.3,4.42,6.562,22.885,0.0921,9.56,0.0,11.3,47.363,0.0,0.0854,0.0474,0.0501,0.0817,0.0763,0.0913,0.0966,0.0486,4.0977,0.0042,,0.0495,0.0092,94.5309,0.0311,539.8994,0.0,0.0155,0.0111,0.0,0.0,0.0,0.0,0.0,0.0,0.0,0.0,0.0,0.0031,0.0057,0.0,0.0,0.0,0.0,,,,,0.0073,0.0,48.709,0.0004,3.3438,0.0317,0.0203,0.4696,0.0,0.0,0.0,0.0,0.0,0.0,0.0,0.0,0.0,0.0,0.0,0.0733,14.87,4.5759,30.8666,41.9737,27.3319,19.0307,85.0393,0.0455,0.0,1.7311,0.0013,0.0348,0.0185,0.0163,0.004,2.9049,0.0,1.3332,3.8464,0.1177,0.0022,2.813,0.0886,0.0185,,,284.8590000000001,248.4338,1046.7704,547.6839,0.0936,0.0628,0.1447,0.3822,0.2958,0.0404,0.1297,0.2618,0.0475,0.1865,0.2686,0.1865,0.3307,0.1288,0.0732,0.0,0.0,0.0,5.5936,0.1246,2.5872,6.3096,0.0305,1.9757,0.0,3.7176,6.6271,0.0,0.0,0.0,0.0,0.0,0.0,0.0662,1.5464,5.8826,0.1018,1.5959,7.7608,1.5464,1.8996,7.3419,0.0328,3.0428,0.0,3.3531,15.1666,3.0661,2.3593,0.0,0.0221,0.0249,0.0213,0.0366,0.0211,0.0431,0.0503,0.023,1.35,0.0012,,0.0169,0.0034,33.9208,0.0103,154.6247,0.0,0.004,0.0028,0.003,0.0025,0.0,0.0,0.0,0.0,0.0,0.0,0.0,0.001,0.0019,0.0,0.0,0.0,0.0,,,,,0.0022,0.0,14.2297,0.0001,0.9331,0.0098,0.0077,0.1639,0.0,0.0,0.0,0.0,0.0,0.0,0.0,0.0,0.0,0.0,0.0,0.0266,4.8927,1.6235,5.2073,4.6917,2.88,2.3521,31.2249,8.0907,0.0,4.8455,3.3775,7.7396,0.0,0.0,1.2612,4.6971,0.0,125.861,2.7193,3.9706,0.6803,4.7333,4.3206,4.4333,12.4739,23.9017,65.352,0.0,15.4834,7.0567,4.6925,1.3571,46.1538,83.9416,12.6719,0.8161,1.3158,0.8568,1.0921,0.8693,1.3007,0.3873,0.1712,0.0,0.0,0.0,5.0041,3.8658,6.0853,3.1475,9.3678,4.0459,0.0,2.1593,17.3398,0.0,0.0,0.0,0.0,0.0,0.0,4.2375,271.0145,5.5235,2.877,4.5164,70.1072,24.0622,27.6178,3.3185,8.6919,6.4754,0.0,1.8694,57.5978,0.0,0.0,154.7755,101.4684,990.303,326.7666,0.0,0.0,367.4858,64.2381,3.1634,,2.0288,0.9537,5.1444,15.5696,6.2694,0.0,852.2337,105.8403,0.0,0.0,0.0,0.0,0.0,0.0,0.0,0.0,0.0,41.8919,0.0,0.0,0.0,0.0,0.0,,,,,0.7711,0.0,6.4967,0.0422,5.8149,5.2747,2.0992,7.4162,0.0,0.0,0.0,0.0,0.0,0.0,0.0,0.0,0.0,0.0,0.0,3.1227,1.4759,10.9625,0.1086,0.0066,0.002,6.1145,,,,,,,,,,,,,1.0948,0.7090000000000001,0.2101,64.7578,264.272,0.5671,4.98,0.0877,2.0902,0.0382,1.8844,15.4662,534.15,2.3534,8.42,0.3606,2.9357,0.1164,1.5763,15.3241,,,,,0.5012,0.0125,0.0029,2.4871,0.0373,0.0079,0.003,21.0599
2008-11-09 13:36:00,3049.58,2432.09,2169.1111,1431.874,1.0321,100.0,100.1744,0.1252,1.405,-0.012,0.0055,0.9527,198.6416,0.0,3.6465,415.3478,9.3764,0.9702,189.2653,12.4769,1.401,-5646.0,2508.25,-4919.5,6063.0,1.3082,1.996,7.3277,67.5333,1.9889,0.157,3.4351,86.15,8.8424,50.0752,64.32600000000001,49.9248,66.1354,86.8271,117.8416,3.625,2.133,70.0,350.74,10.3549,123.9582,712.5823,1.0471,145.3782,1.0,620.0764,121.5434,0.0,4.563,4.79,2860.0,0.9336,0.9527,4.731,3.1382,349.5791,10.7514,107.0964,12.9264,16.8618,21.725,690.8573,1.0773,150.4745,1.0,607.15,92.0532,141.6068,465.5432,0.0,0.0028,-0.03,0.0571,0.0211,-0.0244,0.015,0.0156,0.0459,7.9697,0.131,,2.3154,0.9662,1837.5534,0.2058,9131.1501,0.0,-0.0006,-0.0012,0.0,0.0,0.0,0.0,0.0,0.0,0.0,0.0,0.0,-0.0086,0.0,0.0,0.0,0.0,0.0,,,,,0.9564,0.0,800.0857,0.9905,58.5715,0.5989,0.966,6.3337,15.7,5.244,15.74,15.66,1.286,3.811,0.9524,3.6010000000000004,0.0,0.7308,0.9973,2.3481,1007.5156,41.7414,97.0,119.0,131.0,50.4001,585.9590000000002,0.2602,0.0,8.29,0.0033,0.0745,0.0472,0.0316,0.023,9.4135,0.0,8.161,14.724,0.3955,0.012,9.018,0.29,0.0413,,,555.0,430.0,4366.0,3540.0,0.162,0.166,0.249,2.8,0.9,0.184,0.436,0.4552,0.1556,0.2942,0.6339,0.2941,0.6295,0.1474,1.038,0.0,0.0,20.47,0.38,9.23,19.878,0.076,6.76,0.0,10.29,21.491,0.0,0.0,0.0,0.0,0.0,0.0,0.17800000000000002,6.6,21.1,0.21600000000000005,3.67,13.73,6.6,10.522,25.932,0.1668,11.77,0.0,13.73,78.29899999999998,0.0,0.1216,0.0668,0.0191,0.0678,0.0833,0.0916,0.0978,0.0867,4.7497,0.0042,,0.1034,0.0092,94.5309,0.0371,671.0,0.0,0.0138,0.0293,0.0,0.0,0.0,0.0,0.0,0.0,0.0,0.0,0.0,0.0038,0.0037,0.0,0.0,0.0,0.0,,,,,0.012,0.0,70.8369,0.0008,1.8481,0.0355,0.0221,0.4457,0.0,0.0,0.0,0.0,0.0,0.0,0.0,0.0,0.0,0.0,0.0,0.0733,14.87,4.5759,26.585,46.1396,45.0277,16.4241,187.0482,0.075,0.0,2.6022,0.0009,0.0224,0.0166,0.009000000000000001,0.0075,2.9514,0.0,2.7894,4.4254,0.1214,0.0039,2.8547,0.0839,0.0128,,,259.7678,193.6722,1923.9608,2009.2543,0.0665,0.0762,0.112,0.9381,0.2977,0.0544,0.1484,0.1681,0.0626,0.1131,0.2295,0.1131,0.2332,0.0586,0.4294,0.0,0.0,0.0,5.7609,0.1038,2.6303,5.9222,0.0268,2.1742,0.0,2.7319,5.9728,0.0,0.0,0.0,0.0,0.0,0.0,0.0621,1.9219,6.3996,0.0638,1.1323,7.7408,1.9219,2.9956,8.0531,0.0422,3.1969,0.0,4.1789999999999985,22.1578,2.9645,2.3739,0.0,0.0315,0.0299,0.0089,0.0281,0.0225,0.0511,0.0498,0.0356,1.5291,0.0012,,0.0295,0.0034,33.9208,0.0131,231.6439,0.0,0.0044,0.0072,0.0,0.0,0.0,0.0,0.0,0.0,0.0,0.0,0.0,0.0013,0.0014,0.0,0.0,0.0,0.0,,,,,0.0044,0.0,24.2071,0.0003,0.5996,0.0115,0.0064,0.1444,0.0,0.0,0.0,0.0,0.0,0.0,0.0,0.0,0.0,0.0,0.0,0.0266,4.8927,1.6235,4.3908,3.9022,5.3863,2.3235,40.9225,25.2106,0.0,8.2756,2.6363,5.3024,393.1286,578.4897,2.4133,4.7389,0.0,223.8064,3.545,4.2183,1.2414,4.7647,2.3243,2.9457,9.83,17.1434,88.7489,58.3869,12.383,8.3166,3.398,4.1461,45.2514,117.1975,12.6925,0.5284,1.7597,0.5875,0.9854,0.5891,0.9518,0.1698,0.8808,0.0,0.0,0.0,5.8362,3.6698,7.4461,2.7896,7.254,4.6499,0.0,1.6595,17.6817,0.0,0.0,0.0,0.0,0.0,0.0,3.7624,210.3129,6.0358,2.009,3.4268,106.2166,39.1417,48.4328,3.7536,15.4819,7.8219,0.0,2.2614,85.0584,0.0,0.0,222.8524,33.4794,321.7082,340.6953,610.6667,627.9294,188.8889,59.5973,3.2067,,4.4669,0.9537,5.1444,18.0055,7.3485,0.0,0.0,0.0,0.0,0.0,0.0,0.0,0.0,0.0,0.0,0.0,0.0,44.1219,0.0,0.0,0.0,0.0,0.0,,,,,1.2591,0.0,8.8537,0.0842,3.1553,5.9253,2.2928,7.0362,0.0,0.0,0.0,0.0,0.0,0.0,0.0,0.0,0.0,0.0,0.0,3.1227,1.4759,10.9625,0.1143,0.0084,0.0024,7.3894,1.1079,402.67800000000005,78.832,1.1586,17.34,1.23,0.4815,7.5338,0.5089,104.5758,4.3062,1.5603,0.9597,0.4484,0.0745,46.7185,261.888,0.7858,9.21,0.1715,3.7073,0.0772,3.5168,21.8212,535.6282,2.2411,9.11,0.2426,3.0971,0.0689,1.7008,10.8262,,,,,0.5012,0.0194,0.0045,3.8682,0.0373,0.0079,0.003,21.0599
2008-11-09 14:20:00,2999.24,2435.47,2175.9667,1539.5734,1.4139,100.0,98.5822,0.1254,1.3675,0.0038,0.0007,0.9568,200.6472,0.0,4.8416,415.3035,9.6851,0.9734,190.962,12.4308,1.4014,-6468.0,2915.5,-3981.0,1501.75,1.0008,1.878,5.1673,72.9333,2.0778,0.155,4.6418,85.0449,8.5003,50.428,64.4113,49.572,65.8981,87.1866,118.2436,79.53,4.022,70.0,352.1182,9.9982,139.26,734.0239,1.2605,144.9773,1.0,636.3555,229.007,0.0,4.596,4.832,2849.0,0.9348,0.9512,4.7201,1.91,351.6336,10.2057,121.17,14.6819,18.09,26.0981,707.9258,0.8095,148.87,1.0,621.6736,74.0994,152.6567,469.0169,0.0,-0.0083,-0.0182,0.0399,-0.0104,-0.0228,0.0041,-0.0287,0.1195,7.9281,0.1348,,2.4292,0.9654,1877.1962,0.1995,8842.8299,0.0,0.0018,-0.0029,0.0,0.0,0.0,0.0,0.0,0.0,0.0,0.0,0.0,-0.0104,0.0004,0.0,0.0,0.0,0.0,,,,,0.9689,0.0,753.7309,0.9906,59.1678,0.6104,0.9662,6.3323,15.75,4.024,15.7,15.75,1.0590000000000002,2.992,0.6766,3.277,0.0473,0.8692,1.003,2.3907,1016.6978,40.8991,99.0,211.9,178.0,50.0,313.528,0.3307,0.0,6.98,0.0048,0.1127,0.0556,0.0426,0.0196,7.2748,0.0,7.8279999999999985,8.765,0.3708,0.0098,7.0822,0.36,0.0691,,,439.0,264.0,334.0,120.0,0.032,0.055,0.114,3.3,0.8,0.081,0.172,0.7346,0.0901,0.2104,0.4808,0.2104,0.8148,0.2076,0.18,0.0,0.0,19.38,0.486,6.78,22.78,0.1612,8.15,0.0,10.32,40.832,0.0,0.0,0.0,0.0,0.0,0.0,0.21600000000000005,7.1,27.77,0.623,5.69,19.14,7.1,8.265,24.914,0.3689,13.76,0.0,19.14,77.497,0.0,0.0897,0.0546,0.1402,0.0216,0.0872,0.11,0.0586,0.0151,3.6771,0.0043,,0.031,0.0082,133.498,0.0717,850.9004,0.0,0.0194,0.0179,0.0,0.0,0.0,0.0,0.0,0.0,0.0,0.0,0.0,0.0062,0.0063,0.0,0.0,0.0,0.0,,,,,0.009000000000000001,0.0,78.4212,0.001,4.2196,0.0128,0.0215,0.4219,0.0,0.0,0.0,0.0,0.0,0.0,0.0,0.0,0.0,0.0,0.0,0.1077,10.84,7.1243,28.9688,72.2955,59.7472,16.5469,106.4054,0.0993,0.0,2.6762,0.0014,0.0429,0.0161,0.012,0.0066,2.6336,0.0,2.2904,3.3042,0.1114,0.0034,2.5491,0.1112,0.0223,,,198.1195,108.4727,166.4232,49.3921,0.0132,0.025,0.0496,1.1113,0.2635,0.0267,0.0517,0.282,0.0378,0.0927,0.1783,0.0927,0.3131,0.0849,0.0695,0.0,0.0,0.0,5.5644,0.1516,2.4247,6.6856,0.0495,2.8422,0.0,2.8213,12.1712,0.0,0.0,0.0,0.0,0.0,0.0,0.0653,2.2422,7.3651,0.1762,1.7365,8.8933,2.2422,2.5537,7.9905,0.1216,3.7244,0.0,5.5808,26.2882,10.4447,10.2129,0.0,0.0217,0.0235,0.0622,0.0095,0.026,0.0566,0.0286,0.0085,1.3296,0.0012,,0.0104,0.0035,46.7087,0.0202,289.7639,0.0,0.0048,0.0042,0.0,0.0,0.0,0.0,0.0,0.0,0.0,0.0,0.0,0.002,0.0023,0.0,0.0,0.0,0.0,,,,,0.0027,0.0,26.6486,0.0003,1.2011,0.0034,0.0069,0.1523,0.0,0.0,0.0,0.0,0.0,0.0,0.0,0.0,0.0,0.0,0.0,0.038,3.2514,2.4282,4.4417,7.0651,7.3087,2.2978,20.3646,23.3882,0.0,7.0804,3.8274,8.2411,0.0,0.0,2.0481,3.6257,0.0,161.6809,2.1105,3.8282,1.0044,3.7087,2.8960000000000004,4.9329,6.7873,9.0551,8.3899,7.9907,3.1976,2.9286,2.2062,4.5247,38.5027,52.2581,3.7055,0.8638,1.0594,0.4172,0.7465,0.4244,1.2365,0.2381,0.1522,0.0,0.0,0.0,5.5038,4.8609,4.8686,3.1034,12.7885,5.6216,0.0,1.6217,17.83,0.0,0.0,0.0,0.0,0.0,0.0,4.5762,371.7277,7.8974,6.1044,4.6959,130.3648,39.2482,31.669,3.5193,45.5696,9.243,0.0,3.0788,104.5852,0.0,0.0,299.5885,351.3784,207.6923,383.0862,0.0,204.0035,12.6333,46.3804,3.1889,,1.2776,0.8473,7.1116,35.9483,9.6225,0.0,0.0,619.9134,0.0,0.0,0.0,0.0,0.0,0.0,0.0,0.0,0.0,59.9034,0.0,0.0,0.0,0.0,0.0,,,,,0.9242,0.0,10.4044,0.097,7.1316,2.0968,2.2246,6.6626,0.0,0.0,0.0,0.0,0.0,0.0,0.0,0.0,0.0,0.0,0.0,4.5044,1.0662,17.4192,0.1091,0.0141,0.003,12.9314,2.1592,406.508,77.31,2.4393,18.67,1.29,0.9455,7.2106,0.4992,112.9703,4.5928,1.6686,0.9602,0.1042,0.0297,10.8507,266.79400000000004,0.7051,7.93,0.1919,3.2222,0.0718,2.9723,27.2139,532.8364,1.6423,11.81,0.1579,3.9963,0.0485,2.2164,9.617,0.0246,0.0064,0.0022,25.99,0.5034,0.0141,0.004,2.807,0.0246,0.0064,0.0022,25.99
2008-11-09 14:24:00,3018.82,2470.21,2175.9667,1539.5734,1.4139,100.0,98.5822,0.1254,1.4209,0.0035,0.0107,0.956,199.709,0.0,3.5372,408.0344,9.7035,0.9729,190.0055,12.4349,1.3914,-5645.75,2854.75,-3597.0,-117.0,1.3033,1.976,7.2752,71.0333,2.8111,0.2288,3.3594,84.5987,8.8836,50.0944,63.7488,49.9056,65.9357,86.8182,117.878,79.35,3.33,70.0,358.7945,10.2843,125.6864,724.2021,1.3818,145.8445,1.0,630.3255,199.9913,0.0,4.549,4.7860000000000005,2887.0,0.9215,0.9506,4.6004,4.3955,357.7836,10.6395,110.0818,16.0973,15.6045,21.7593,702.4428,1.1631,146.3627,1.0,614.2282,106.4999,151.9328,462.2954,0.0,-0.0027,-0.0258,0.0148,0.0075,-0.0006,0.0134,-0.0411,0.1154,7.7873,0.1368,,2.2802,0.9658,1774.8359,0.1972,8638.3399,0.0,0.0028,-0.0003,0.0,0.0,0.0,0.0,0.0,0.0,0.0,0.0,0.0,-0.0108,0.0003,0.0,0.0,0.0,0.0,,,,,0.9652,0.0,646.4211,0.9906,59.3454,0.6032,0.9812,6.4118,15.75,4.024,15.7,15.75,1.0590000000000002,2.992,0.6766,3.277,0.0473,0.8692,1.003,2.3907,1016.6978,40.8991,84.0,73.5,119.4,50.0,313.528,0.3307,0.0,6.98,0.0048,0.1149,0.0598,0.0526,0.0201,7.1099,0.0,4.878,16.896,0.3816,0.0104,6.8191,0.22,0.0648,,,349.0,606.0,691.0,2153.0,0.156,0.203,0.266,5.0,1.7,0.149,0.514,0.6354,0.0673,0.2943,0.56,0.2943,0.9476,0.2856,0.13699999999999998,0.0,0.0,21.88,0.235,5.75,24.735,0.1445,3.75,0.0,23.81,61.63399999999999,0.0,0.0,0.0,0.0,0.0,0.0,0.267,5.07,20.9,0.385,4.36,22.89,5.07,8.282,28.834,0.1771,4.79,0.0,22.89,101.15,0.0,0.0942,0.0912,0.0901,0.037000000000000005,0.0817,0.1019,0.051,0.042,3.8957,0.0036,,0.0698,0.0036,84.3087,0.0388,1033.7998,0.0,0.0325,0.0278,0.0,0.0,0.0,0.0,0.0,0.0,0.0,0.0,0.0,0.0026,0.0069,0.0,0.0,0.0,0.0,,,,,0.0138,0.0,108.2252,0.0007,4.2741,0.0201,0.0038,0.1475,0.0,0.0,0.0,0.0,0.0,0.0,0.0,0.0,0.0,0.0,0.0,0.1077,10.84,7.1243,23.3469,28.1464,39.8354,16.5469,106.4054,0.0993,0.0,2.6762,0.0014,0.0418,0.016,0.0135,0.0066,2.6204,0.0,1.5047,4.9474,0.1148,0.0034,2.5345,0.0584,0.0265,,,154.6703,279.6216,365.304,885.4592,0.0721,0.083,0.1181,1.7,0.5947,0.0461,0.1753,0.2325,0.0251,0.1225,0.2295,0.1225,0.3564,0.1107,0.0487,0.0,0.0,0.0,6.4329,0.0728,1.6289,7.9092,0.04,1.123,0.0,6.9802,19.0538,0.0,0.0,0.0,0.0,0.0,0.0,0.0871,1.6386,6.7204,0.1245,1.517,9.9336,1.6386,2.4203,9.1669,0.0481,1.5775,0.0,7.5123,31.6917,6.3098,2.4433,0.0,0.0245,0.0391,0.0415,0.0187,0.0238,0.0536,0.0209,0.0177,1.2705,0.0012,,0.0253,0.0011,26.1395,0.0119,297.666,0.0,0.0088,0.0089,0.0,0.0,0.0,0.0,0.0,0.0,0.0,0.0,0.0,0.001,0.0025,0.0,0.0,0.0,0.0,,,,,0.0041,0.0,30.6978,0.0002,1.2433,0.0071,0.0011,0.0426,0.0,0.0,0.0,0.0,0.0,0.0,0.0,0.0,0.0,0.0,0.0,0.038,3.2514,2.4282,3.7985,2.4347,4.8336,2.2978,20.3646,23.3882,0.0,7.0804,3.8274,8.0864,0.0,491.8761,2.1029,3.5601,0.0,137.9064,4.1408,3.9331,1.0704,3.5889,1.7692,4.6601,6.1816,21.2278,19.2105,0.0,11.9701,10.2733,3.6562,7.0389,60.4743,65.1287,15.3001,0.7511,0.7578,0.5875,0.8784,0.5897,1.4372,0.329,0.1162,0.0,0.0,0.0,6.0982,2.285,4.5749,3.4155,10.4548,2.5712,0.0,3.7774,30.8183,0.0,0.0,0.0,0.0,0.0,0.0,5.8039,115.3464,5.8415,3.6186,3.9607,142.1975,32.4905,38.0619,4.1048,15.2248,3.2727,0.0,3.7266,94.9766,0.0,0.0,353.1462,609.8139,493.3333,0.0,757.6208,124.2387,36.403,50.0265,2.6314,,3.063,0.3746,4.7502,19.6895,11.9676,0.0,0.0,0.0,0.0,0.0,0.0,0.0,0.0,0.0,0.0,0.0,0.0,24.102,0.0,0.0,0.0,0.0,0.0,,,,,1.4281,0.0,16.7422,0.0692,7.202000000000001,3.3265,0.3888,2.3011,0.0,0.0,0.0,0.0,0.0,0.0,0.0,0.0,0.0,0.0,0.0,4.5044,1.0662,17.4192,0.1096,0.0104,0.0023,9.4678,1.4741,409.536,79.084,1.386,17.03,0.68,0.5463,8.2736,0.3189,94.0242,4.1584,0.8598,0.9828,0.5506,0.0991,56.0228,268.31,0.7726,6.29,0.1287,2.9563,0.0537,2.3443,16.657,534.1482,1.6633,10.92,0.2937,3.7983,0.0853,2.0444,17.6552,,,,,0.4983,0.0153,0.0041,3.0754,0.0246,0.0064,0.0022,25.99
2008-11-09 14:31:00,2982.16,2574.45,2181.0444,939.8456,1.3968,100.0,104.0133,0.1214,1.4122,-0.0058,0.0057,0.9583,199.3587,0.0,2.9698,406.5059,10.7068,0.9753,188.6519,12.4561,1.4063,-4675.25,3613.75,-3740.75,-5634.0,1.3297,1.991,7.2748,74.4667,1.8,0.1478,3.4486,85.3881,8.3179,50.2928,64.2195,49.7072,66.0583,86.5962,120.1074,81.06,3.074,70.0,351.2291,10.2853,126.3555,716.0344,1.0083,142.6891,1.0,620.2736,132.7725,0.0,4.563,4.79,2860.0,0.9336,0.9527,4.731,2.1173,351.4027,10.6339,108.4727,6.7446,17.8827,19.545,696.4894,1.4519,154.5427,1.0,614.4182,189.6235,,,0.0,-0.0049,-0.0164,-0.0096,0.006999999999999999,0.013,0.0389,-0.0229,-0.0037,7.0789,0.1282,0.1147,2.3529,0.9647,1809.0765,0.1723,8801.6499,0.0416,0.0002,-0.0005,0.0,0.0,0.0098,0.0,-0.1302,0.0037,0.0002,-0.0001,-0.0445,-0.0092,0.0,-0.0002,0.0005,-0.0431,-0.1029,0.9781,102.1901,232.8372,,0.9592,0.0,747.2268,0.9909,58.2153,0.6085,0.9663,6.2955,15.78,4.666,15.83,15.78,1.144,2.786,0.7879999999999999,3.215,0.0473,0.8216,0.997,2.3207,1007.2267,39.3938,109.0,109.6,50.9,51.3,293.466,0.113,0.0,5.04,0.0041,0.1079,0.055,0.0339,0.0179,8.2966,0.0,4.213,14.585,0.4472,0.0086,7.8976,0.18,0.0726,,,2381.0,3521.0,1840.0,11209.0,0.128,0.086,0.09,2.2,1.2,0.092,0.54,0.5343,0.0469,0.3462,0.6495,0.3463,0.6915,0.2429,0.284,0.0,0.0,18.94,0.172,8.1,21.283,0.1143,7.16,0.0,10.62,19.345,0.0,0.0,0.0,0.0,0.0,0.0,0.17800000000000002,3.73,20.16,0.226,5.57,5.48,3.73,7.782999999999999,24.339,0.1004,10.1,0.0,11.44,74.694,0.0,0.0876,0.039,0.0613,0.0237,0.1202,0.0379,0.0791,0.0206,2.6910000000000003,0.0035,0.0071,0.0839,0.0079,147.1274,0.0574,1033.2998,0.0,0.0129,0.015,0.0,0.0,0.0,0.0,0.0,0.0,0.0,0.0,0.0,0.004,0.0041,0.0,0.0,0.0,0.0,0.0022,1.4204,2.0136,,0.0263,0.0,110.7197,0.0007,1.0559,0.0997,0.026,0.589,0.0,0.0,0.0,0.0,0.0,0.0,0.0,0.0,0.0,0.0,0.0,0.0864,11.14,4.1829,29.3059,36.6224,14.9325,19.0307,85.0393,0.0455,0.0,1.7311,0.0013,0.037000000000000005,0.0169,0.0101,0.0059,2.6272,0.0,1.1916,4.4823,0.1294,0.0028,2.5456,0.0424,0.0263,,,1061.0895,1681.1178,796.795,5971.1934,0.0545,0.0351,0.0432,0.7071,0.4272,0.0318,0.1907,0.2173,0.0212,0.1335,0.2329,0.1335,0.2688,0.094,0.1278,0.0,0.0,0.0,5.7019,0.0528,2.6019,5.9670000000000005,0.0395,1.7329,0.0,2.8315,7.2961,0.0,0.0,0.0,0.0,0.0,0.0,0.0621,1.2794,6.1454,0.0796,1.8094,7.6759,1.2794,2.1625,7.4423,0.0344,3.1404,0.0,3.4096,23.0127,,,0.0,0.0231,0.0179,0.0271,0.0104,0.0274,0.0194,0.0402,0.0097,0.9717,0.001,0.0019,0.029,0.0028,43.3157,0.0199,267.9347,0.0,0.004,0.0043,0.0034,0.0024,0.0,0.0,0.0,0.0,0.0,0.0,0.0,0.0014,0.0016,0.0,0.0,0.0,0.0,0.0007,0.4065,0.6584,,0.0078,0.0,30.8588,0.0002,0.3536,0.0334,0.0087,0.1903,0.0,0.0,0.0,0.0,0.0,0.0,0.0,0.0,0.0,0.0,0.0,0.0289,3.8469,1.3047,4.9243,3.6752,1.9771,2.3521,31.2249,8.0907,0.0,4.8455,3.3775,7.6408,943.194,594.0854,1.8703,4.1616,0.0,141.8605,3.5879,4.1772,0.883,4.1863,1.4451,5.1609,50.9278,97.4334,49.188,198.9528,9.6259,4.3194,1.2372,2.9543,66.6667,62.2556,15.6587,0.6257,0.5636,0.6884,1.0114,0.6967,1.0468,0.2805,0.2365,0.0,0.0,0.0,5.3925,1.6723,6.4105,2.9723,11.3358,5.0179,0.0,1.7121,14.57,0.0,0.0,0.0,0.0,0.0,0.0,3.7624,176.17,5.737,2.1253,5.1349,81.2502,20.8581,39.821,3.4945,6.9132,6.5354,0.0,1.8619,39.3907,0.0,0.0,237.8049,636.8831,337.3665,921.5141,97.5547,345.7923,564.3836,38.014,2.7301,6.1864,3.5671,0.818,8.1327,33.3418,11.7398,0.0,0.0,0.0,0.0,0.0,0.0,0.0,0.0,0.0,0.0,0.0,0.0,43.3018,0.0,0.0,0.0,0.0,0.0,0.2235,1.39,0.8648,,2.7407,0.0,14.8174,0.0725,1.8138,16.3816,2.6933,9.356,0.0,0.0,0.0,0.0,0.0,0.0,0.0,0.0,0.0,0.0,0.0,3.7232,1.106,10.6182,0.1147,0.0071,0.0019,6.1864,,,,,,,,,,,,,0.967,0.1345,0.0366,13.9135,264.272,0.5671,4.98,0.0877,2.0902,0.0382,1.8844,15.4662,537.52,1.7312,10.44,0.1893,3.7662,0.0653,1.9423,10.9358,,,,,0.501,0.0252,0.0053,5.0247,0.0246,0.0064,0.0022,25.99
2008-11-09 15:05:00,2958.83,2488.5,2197.5222,1373.0077,1.1369,100.0,106.0733,0.124,1.3886,0.0107,0.0077,0.9679,199.113,0.0,3.7217,410.7797,9.1275,0.9703,189.9855,12.4561,1.4092,-5335.5,2534.25,-3463.75,-13232.5,1.3119999999999998,1.966,7.2643,73.2778,1.3444,0.0974,3.3238,84.5303,8.2638,50.4559,64.3628,49.5441,65.9266,86.7056,119.6408,80.91,3.009,70.0,350.6073,10.2166,126.2809,715.0151,1.4136,148.5609,1.0,625.4491,232.0055,0.0,4.574,4.809,2860.0,0.933,0.9511,4.7246,2.3855,348.4682,10.6795,108.6664,16.7036,17.6145,22.5295,692.4856,1.1085,151.6109,1.0,608.7455,118.2834,138.0507,470.6947,0.0,0.0037,-0.0003,0.059,0.0215,-0.0069,0.0084,-0.0234,0.0274,8.1824,0.131,,2.4313,0.9683,1822.7265,0.2017,8993.55,0.0068,-0.0009,-0.0009,-0.0002,0.0,0.2458,0.0,-0.4904,0.0177,0.0,-0.0002,-0.0728,-0.0096,-0.0002,0.0009,0.0009,-0.0519,0.0278,,,,0.4452,0.9606,0.0,779.8168,0.991,58.7566,0.6023,0.9797,6.3768,15.7,5.244,15.74,15.66,1.286,3.811,0.9524,3.6010000000000004,0.0,0.7308,0.9973,2.3481,1007.5156,41.7414,83.0,66.5,60.1,39.3,438.177,0.3661,0.0,6.96,0.0052,0.0813,0.062,0.0316,0.0157,13.7747,0.0,5.797999999999999,13.077,0.4066,0.0131,13.4055,0.18,0.051,,,534.0,367.0,1139.0,12097.0,0.058,0.132,0.17600000000000002,2.3,1.6,0.117,0.456,0.8221,0.0817,0.2393,0.5653,0.2393,0.8722,0.2719,0.171,0.0,0.0,20.12,0.35100000000000003,7.78,20.653,0.1221,7.37,0.0,9.54,81.873,0.0,0.0,0.0,0.0,0.0,0.0,0.363,2.6,19.8,0.274,8.28,11.76,2.6,3.587,21.48,0.0851,10.28,0.0,11.76,17.261,0.0,0.1107,0.0646,0.0532,0.0228,0.0803,0.1226,0.1046,0.0591,3.529,0.0042,,0.0421,0.0095,126.2572,0.0541,1209.2002,0.0,0.0129,0.0176,0.0,0.0,0.0,0.0,0.0,0.0,0.0,0.0,0.0,0.0069,0.0053,0.0,0.0,0.0,0.0,,,,0.2285,0.0161,0.0,119.8579,0.0006,2.2967,0.0311,0.005,0.5289,0.0,0.0,0.0,0.0,0.0,0.0,0.0,0.0,0.0,0.0,0.0,0.0733,14.87,4.5759,23.1129,20.7204,19.3865,14.8748,150.9729,0.1231,0.0,2.3243,0.0012,0.0275,0.0165,0.0104,0.0053,4.3693,0.0,1.9934,4.1192,0.1212,0.0043,4.2826,0.0424,0.0158,,,291.8019,163.2327,472.92800000000005,8553.8707,0.0283,0.0572,0.07200000000000001,0.7918,0.527,0.0416,0.1813,0.3049,0.0379,0.0925,0.219,0.0925,0.3349,0.1002,0.0803,0.0,0.0,0.0,5.558,0.111,2.3858,6.0120000000000005,0.0367,2.202,0.0,2.9787,21.696,0.0,0.0,0.0,0.0,0.0,0.0,0.0751,0.8109,5.8279,0.0853,2.4044,7.6144,0.8109,1.1545,6.5754,0.0243,3.0594,0.0,3.4948,6.3968,3.7067,2.9522,0.0,0.0307,0.0279,0.0247,0.0095,0.0262,0.0622,0.057,0.0268,1.426,0.0012,,0.0152,0.0033,54.3035,0.0145,385.0611,0.0,0.0033,0.0048,0.0037,0.0031,0.0,0.0,0.0,0.0,0.0,0.0,0.0,0.0022,0.002,0.0,0.0,0.0,0.0,,,,0.056,0.0055,0.0,40.9271,0.0002,0.6199,0.0098,0.0014,0.1655,0.0,0.0,0.0,0.0,0.0,0.0,0.0,0.0,0.0,0.0,0.0,0.0266,4.8927,1.6235,3.8154,2.2475,2.4151,1.7884,31.9137,32.2042,0.0,6.5615,4.1949,5.855,580.4564,411.0569,1.619,6.9181,0.0,155.7879,3.1835,4.4551,1.3515,7.0561,1.4451,3.6168,10.0084,14.4816,32.8834,91.4189,4.4207,6.7141,2.4228,3.1387,119.0083,120.0684,13.7193,0.9726,0.989,0.4743,0.8783,0.483,1.3230000000000002,0.3136,0.1429,0.0,0.0,0.0,5.7386,3.4356,6.1609,2.8885,8.6409,4.9609,0.0,1.5253,35.2892,0.0,0.0,0.0,0.0,0.0,0.0,7.6832,108.9939,5.682,2.5657,7.6197,70.4039,14.7605,15.9213,3.1019,7.6745,6.7805,0.0,1.9318,14.5929,0.0,0.0,0.0,90.246,105.9233,0.0,0.0,447.4866,215.4968,43.1289,3.2067,,1.7322,0.98,6.9268,26.8223,13.4452,0.0,0.0,0.0,0.0,0.0,0.0,0.0,0.0,0.0,0.0,0.0,0.0,72.0627,0.0,0.0,0.0,0.0,0.0,,,,51.3369,1.6799,0.0,15.37,0.0636,3.9088,5.1566,0.5079,8.2947,0.0,0.0,0.0,0.0,0.0,0.0,0.0,0.0,0.0,0.0,0.0,3.1227,1.4759,10.9625,0.1079,0.0094,0.0026,8.757,,,,,,,,,,,,,0.9776,0.7741,0.1423,79.1805,258.612,0.5916,8.84,0.1264,3.3288,0.0469,3.4183,21.3655,540.1218,1.7997,6.87,0.3055,2.4142,0.0839,1.2719,16.9748,,,,,0.4975,0.0142,0.0031,2.8592,0.0246,0.0064,0.0022,25.99
2008-11-09 15:08:00,2975.57,2566.79,2197.5222,1373.0077,1.1369,100.0,106.0733,0.124,1.3735,-0.0023,0.0086,0.9557,199.5734,0.0,5.479,428.5431,9.004,0.9719,190.5694,12.4769,1.4154,-5197.5,2879.75,-2641.0,-6332.6667,1.2990000000000002,2.0048,7.2977,72.4333,1.7667,0.1574,3.4699,83.6583,8.5596,50.3882,64.4017,49.6118,66.0405,86.7827,119.4242,79.71,2.849,70.0,351.0709,10.2049,127.1973,716.684,1.3934,147.46,1.0,625.7282,228.515,0.0,4.574,4.809,2860.0,0.933,0.9511,4.7246,1.2882,349.4136,10.629,108.4855,20.1091,18.7118,24.9344,691.7496,1.1004,147.72,1.0,605.6191,114.0592,138.719,466.9001,0.0,-0.0398,-0.0473,-0.0218,0.0225,-0.0132,0.0168,-0.0106,0.0193,7.5669,0.1279,,2.3956,0.97,1758.5897,0.2021,8883.24,0.075,-0.0039,0.0011,0.0001,0.0,-0.1666,0.0,0.2564,0.0019,0.0001,0.0001,-0.0171,-0.0102,0.0,0.0038,-0.0011,0.0868,0.0259,,,,0.4646,0.9473,0.0,772.0702,0.9907,58.4638,0.5983,0.9795,6.3468,15.75,4.024,15.7,15.75,1.0590000000000002,2.992,0.6766,3.277,0.0473,0.8692,1.003,2.3907,1016.6978,40.8991,87.0,108.8,91.8,39.3,438.177,0.3661,0.0,6.96,0.0052,0.0993,0.0688,0.0641,0.0196,9.1729,0.0,7.937,6.322,1.1089,0.0103,8.064,0.29,0.0631,,,763.0,1101.0,5060.0,11626.0,0.192,0.058,0.113,1.8,1.0,0.12,0.265,0.5693,0.0988,0.2275,0.4025,0.2275,0.6599,0.3532,0.117,0.0,0.0,16.56,0.325,7.61,22.566,0.1056,6.68,0.0,9.46,50.911,0.0,0.0,0.0,0.0,0.0,0.0,0.363,4.4,16.74,0.238,7.4,9.37,4.4,4.489,22.4,0.1401,12.16,0.0,9.37,83.521,0.0,0.0729,0.0628,0.0362,0.0257,0.0782,0.0874,0.08,0.0711,3.8029,0.0019,,0.0922,0.0045,133.7212,0.0307,951.7002,0.0,0.0123,0.0133,0.0,0.0,0.0,0.0,0.0,0.0,0.0,0.0,0.0,0.0051,0.0049,0.0,0.0,0.0,0.0,,,,0.0329,0.0103,0.0,93.304,0.0007,1.6248,0.0626,0.002,0.4709,0.0,0.0,0.0,0.0,0.0,0.0,0.0,0.0,0.0,0.0,0.0,0.1077,10.84,7.1243,25.1901,38.4095,29.9811,14.8748,150.9729,0.1231,0.0,2.3243,0.0012,0.0328,0.018000000000000002,0.0157,0.0066,3.2007,0.0,2.3296,1.983,0.3227,0.0035,2.9575,0.0839,0.0187,,,325.6752,525.9888,2136.4514,5951.6343,0.0828,0.0248,0.0472,0.5701,0.2872,0.0387,0.094,0.2215,0.0388,0.0922,0.1542,0.0921,0.2756,0.1422,0.0482,0.0,0.0,0.0,5.3749,0.0905,2.484,6.3283,0.0302,2.208,0.0,2.8839,15.4546,0.0,0.0,0.0,0.0,0.0,0.0,0.0751,1.2314,5.5666,0.0812,2.4322,7.4656,1.2314,1.5112,6.9298,0.0432,3.2429,0.0,3.1796,25.7031,3.5506,2.6823,0.0,0.0212,0.0282,0.0204,0.0112,0.0247,0.0438,0.0429,0.0345,1.4533,0.0006,,0.03,0.0016,37.89,0.0103,329.4431,0.0,0.0041,0.0031,0.0028,0.0021,0.0,0.0,0.0,0.0,0.0,0.0,0.0,0.0018,0.0017,0.0,0.0,0.0,0.0,,,,0.0082,0.0035,0.0,30.9555,0.0003,0.429,0.0171,0.0006,0.1507,0.0,0.0,0.0,0.0,0.0,0.0,0.0,0.0,0.0,0.0,0.0,0.038,3.2514,2.4282,3.814,3.6564,3.5765,1.7884,31.9137,32.2042,0.0,6.5615,4.1949,7.2297,0.0,748.6131,2.0521,4.5963,0.0,144.8622,1.4752,12.3159,1.0606,4.2315,2.3243,4.4617,14.6801,38.2325,191.5941,183.5877,14.7806,2.8931,1.5484,2.485,56.6038,76.2174,7.6371,0.6805,1.1541,0.4515,0.625,0.4586,0.9992,0.407,0.098,0.0,0.0,0.0,4.717,3.1847,5.9828,3.1487,7.579,4.53,0.0,1.5118,22.2791,0.0,0.0,0.0,0.0,0.0,0.0,7.6832,341.5667,4.7909,2.2392,6.8212,46.5956,23.5146,18.0032,3.2382,12.7291,8.2318,0.0,1.5472,73.226,0.0,182.9934,132.7696,166.2457,114.3493,592.1439,518.6944,754.717,368.8716,50.2572,1.4855,,3.8484,0.4681,7.6039,15.2134,10.7134,0.0,316.3987,0.0,0.0,0.0,0.0,0.0,0.0,0.0,0.0,0.0,0.0,49.8778,0.0,0.0,0.0,0.0,0.0,,,,7.0842,1.086,0.0,12.0849,0.0683,2.7792,10.4633,0.2063,7.4199,0.0,0.0,0.0,0.0,0.0,0.0,0.0,0.0,0.0,0.0,0.0,4.5044,1.0662,17.4192,0.1079,0.0094,0.0026,8.757,,,,,,,,,,,,,0.9613,0.1228,0.0366,12.7743,264.272,0.5671,4.98,0.0877,2.0902,0.0382,1.8844,15.4662,540.1218,1.7997,6.87,0.3055,2.4142,0.0839,1.2719,16.9748,0.0215,0.0071,0.0027,33.109,0.5008,0.0115,0.0029,2.3031,0.0215,0.0071,0.0027,33.109
2008-11-09 16:28:00,2925.62,2501.91,2197.5222,1373.0077,1.1369,100.0,106.0733,0.124,1.392,-0.0044,-0.0165,0.9522,198.5109,0.0,5.4965,424.5568,9.3579,0.9699,189.153,12.4561,1.4194,-5892.25,3091.0,-5338.0,212.25,1.3465,1.992,7.3107,75.4556,2.2444,0.1653,3.5384,83.779,8.3006,50.3635,64.3058,49.6365,65.9432,86.6256,119.7496,80.55,3.287,70.0,351.0382,10.204,124.8627,712.8429,1.4068,144.4636,1.0,620.3645,199.1399,0.0,4.563,4.801,2856.0,0.9344,0.9503,4.7198,3.9027,348.7564,10.7133,108.7655,18.119,16.0973,22.7626,690.0803,1.023,144.7236,1.0,602.2455,107.4055,134.1238,468.1216,0.0,-0.0305,-0.0383,-0.0098,0.0384,-0.0108,-0.0141,0.0097,0.0122,7.6549,0.1284,,2.3732,0.9855,1789.8011,0.1965,9001.32,0.0047,-0.001,0.0015,0.0001,0.0,-0.0888,0.0,0.0984,0.0102,0.0001,0.0,-0.0286,-0.0106,-0.0001,0.001,-0.0014,0.0156,-0.0359,,,,0.4568,0.9452,0.0,773.1252,0.9906,58.4541,0.6019,0.971,6.3331,15.7,5.244,15.74,15.66,1.286,3.811,0.9524,3.6010000000000004,0.0,0.7308,0.9973,2.3481,1007.5156,41.7414,139.0,67.7,89.8,39.3,438.177,0.3661,0.0,6.96,0.0052,0.0792,0.0636,0.0577,0.0232,9.2449,0.0,10.79,15.275,0.3383,0.0122,8.9099,0.18,0.0378,,,835.0,802.0,3488.0,588.0,0.117,0.113,0.17600000000000002,1.4,1.4,0.119,0.419,0.6837,0.1092,0.4315,0.7023,0.4315,0.8577,0.3355,0.205,0.0,0.0,20.21,0.53,6.84,20.972,0.1069,6.54,0.0,12.42,84.477,0.0,0.0,0.0,0.0,0.0,0.0,0.2,4.83,18.43,0.353,4.26,11.36,4.83,6.2810000000000015,23.928,0.0682,13.25,0.0,11.36,44.591,0.0,0.0859,0.0489,0.0218,0.0412,0.068,0.1121,0.1208,0.0216,4.3928,0.0032,,0.1196,0.0033,174.4916,0.0144,808.2002,0.0,0.0084,0.0097,0.0,0.0,0.0,0.0,0.0,0.0,0.0,0.0,0.0,0.0036,0.0032,0.0,0.0,0.0,0.0,,,,0.0198,0.0228,0.0,71.2883,0.0018,1.5719,0.0505,0.0166,0.5096,0.0,0.0,0.0,0.0,0.0,0.0,0.0,0.0,0.0,0.0,0.0,0.0733,14.87,4.5759,30.7316,22.4381,29.2287,14.8748,150.9729,0.1231,0.0,2.3243,0.0012,0.025,0.0177,0.0145,0.0076,2.9184,0.0,3.5814,4.2854,0.1085,0.0041,2.8291,0.0424,0.0132,,,361.1162,419.8214,1638.1081,281.3117,0.0549,0.0484,0.0922,0.527,0.5102,0.0393,0.1259,0.2618,0.0475,0.1865,0.2686,0.1865,0.3307,0.1288,0.0732,0.0,0.0,0.0,5.6221,0.1691,2.2769,6.0841,0.0379,1.9142,0.0,3.1536,22.307,0.0,0.0,0.0,0.0,0.0,0.0,0.0662,1.672,5.7891,0.0994,1.4338,7.5654,1.672,2.4186,7.6048,0.0235,3.4236,0.0,3.1453,16.4212,2.0862,2.8164,0.0,0.0217,0.0249,0.0117,0.019,0.0213,0.0541,0.0508,0.0095,1.3756,0.001,,0.0354,0.0008,52.8127,0.0042,231.0451,0.0,0.0023,0.0036,0.0021,0.0024,0.0,0.0,0.0,0.0,0.0,0.0,0.0,0.0012,0.0012,0.0,0.0,0.0,0.0,,,,0.005,0.0066,0.0,21.1196,0.0005,0.438,0.0147,0.0058,0.1672,0.0,0.0,0.0,0.0,0.0,0.0,0.0,0.0,0.0,0.0,0.0,0.0266,4.8927,1.6235,6.3654,2.314,3.5893,1.7884,31.9137,32.2042,0.0,6.5615,4.1949,5.6896,0.0,348.7722,2.4361,4.6571,0.0,196.3084,3.5979,3.615,1.256,4.7104,1.4451,2.6617,14.1712,25.9463,65.3428,277.0318,8.6892,5.6727,2.4074,1.8554,62.3762,71.9758,11.8414,0.8161,1.3158,0.8568,1.0921,0.8693,1.3007,0.3873,0.1712,0.0,0.0,0.0,5.7572,5.194,5.478,2.942,7.597,4.5271,0.0,2.002,42.4209,0.0,0.0,0.0,0.0,0.0,0.0,4.2375,123.7596,5.2845,3.295,3.9167,62.6964,30.0051,27.5934,3.4674,6.6625,9.1554,0.0,1.8863,41.5165,0.0,282.0439,127.6762,223.0179,107.4316,630.3592,797.8648,0.0,176.6871,57.3852,2.4924,,5.0386,0.3321,9.7492,7.3243,8.9787,0.0,850.6329,666.0944,0.0,0.0,0.0,0.0,0.0,0.0,0.0,0.0,0.0,33.9223,0.0,0.0,0.0,0.0,0.0,,,,4.3254,2.4084,0.0,9.2208,0.1804,2.6891,8.3973,1.7051,8.0461,0.0,0.0,0.0,0.0,0.0,0.0,0.0,0.0,0.0,0.0,0.0,3.1227,1.4759,10.9625,0.1086,0.0066,0.002,6.1145,,,,,,,,,,,,,0.9241,0.1285,0.0296,13.9095,264.272,0.5671,4.98,0.0877,2.0902,0.0382,1.8844,15.4662,534.15,2.3534,8.42,0.3606,2.9357,0.1164,1.5763,15.3241,,,,,0.4975,0.0144,0.0036,2.8893,0.0215,0.0071,0.0027,33.109
2008-11-09 21:13:00,3043.7,2535.71,2127.9555,1011.1924,1.0863,100.0,107.1522,0.1261,1.4221,-0.0098,-0.0166,0.9536,198.9641,0.0,5.7897,422.5233,9.5449,0.9721,189.4192,12.5657,1.4275,-5322.25,2599.5,-4046.5,-491.0,1.2893,2.0217,7.332000000000002,72.9333,2.2444,0.1886,3.3553,86.1155,8.5801,50.294,64.0748,49.7061,65.8602,86.9331,119.2266,79.31,3.3310000000000004,70.0,350.52,10.2005,126.4391,714.8495,1.3806,142.3509,1.0,619.31,193.9514,0.0,4.575,4.815,2855.0,0.9353,0.9502,4.7143,-2.5482,348.5836,10.8002,103.8909,19.8182,22.5482,29.6525,685.1969,1.0513,147.0173,1.0,599.4918,95.8257,132.4959,466.9959,0.0,0.0153,-0.0314,0.049,-0.0168,-0.0209,0.0003,-0.0616,0.0083,6.8054,0.1448,,2.373,0.9894,1744.5284,0.2004,9297.29,-0.0072,0.0039,0.0072,-0.0001,0.0001,0.0293,0.0,-0.1946,0.0725,0.0002,-0.0001,-0.0488,-0.009000000000000001,-0.001,-0.0038,-0.0071,-0.0077,-0.0301,,,,0.4607,0.9433,0.0,763.038,0.9915,56.1652,0.5949,0.9802,6.3897,15.77,4.796,15.84,15.74,1.144,2.825,0.7833,3.238,-0.3784,0.7447,0.9957,2.3275,1003.5267,37.9309,59.0,147.7,164.7,54.7,917.098,0.6141,0.0,6.26,0.0057,0.0924,0.0529,0.0594,0.0216,8.6454,0.0,11.725,12.4,0.4135,0.0113,8.29,0.2,0.044,,,355.0,177.0,1775.0,1518.0,0.154,0.168,0.236,2.2,1.0,0.183,0.578,0.7151,0.0325,0.2842,0.6629,0.2843,0.9018,0.2087,0.242,0.0,0.0,14.83,0.337,8.65,21.604,0.0849,3.04,0.0,13.03,43.06399999999999,0.0,0.0,0.0,0.0,0.0,0.0,0.232,6.88,17.12,0.177,5.19,13.08,6.88,8.717,24.011,0.1282,7.67,0.0,13.08,46.332,0.0,0.0927,0.0747,0.1142,0.0556,0.078,0.0688,0.0403,0.0381,3.3349,0.0015,,0.0511,0.0022,136.0004,0.03,957.7002,0.0,0.0122,0.0164,0.0,0.0,0.0,0.0,0.0,0.0,0.0,0.0,0.0,0.0064,0.0042,0.0,0.0,0.0,0.0,,,,0.0076,0.0132,0.0,106.9387,0.0025,3.438,0.0271,0.0034,0.4121,0.0,0.0,0.0,0.0,0.0,0.0,0.0,0.0,0.0,0.0,0.0,0.0837,22.435,1.7356,18.5956,46.5453,46.8977,20.9062,237.2668,0.2046,0.0,2.1101,0.0016,0.0277,0.0156,0.0155,0.0071,2.7339,0.0,3.3925,3.5834,0.1175,0.0036,2.625,0.0528,0.0154,,,149.6114,79.1475,794.3738,779.0409,0.0633,0.0704,0.1089,0.7809999999999999,0.3395,0.0477,0.2004,0.2643,0.0133,0.1036,0.235,0.1036,0.3668,0.0898,0.1041,0.0,0.0,0.0,4.904,0.0883,2.6334,6.0937,0.0295,0.924,0.0,3.9294,14.6761,0.0,0.0,0.0,0.0,0.0,0.0,0.0685,2.1956,5.3721,0.0619,1.5444,7.153,2.1956,3.1291,8.1179,0.0333,2.1166,0.0,4.6,15.6016,3.2276,2.8616,0.0,0.0238,0.0329,0.0469,0.0264,0.0216,0.0343,0.0178,0.0186,1.0856,0.0005,,0.0169,0.0006,41.8801,0.01,260.7087,0.0,0.0039,0.0047,0.0028,0.0039,0.0,0.0,0.0,0.0,0.0,0.0,0.0,0.002,0.0013,0.0,0.0,0.0,0.0,,,,0.0025,0.004,0.0,29.1971,0.0007,1.04,0.0084,0.0011,0.1332,0.0,0.0,0.0,0.0,0.0,0.0,0.0,0.0,0.0,0.0,0.0,0.0276,7.6461,0.6262,2.8142,4.8526,6.4952,2.5705,90.6947,56.5322,0.0,5.8422,4.5208,6.4975,539.7959,356.7568,2.2671,4.3452,0.0,202.5139,2.9347,4.3325,1.1589,4.3765,1.5916,3.0829,6.6701,6.809,43.8651,309.165,11.9449,8.3096,3.2188,3.0165,44.5545,97.0536,17.2263,0.8304,0.379,0.5651,1.0346,0.5720000000000001,1.3693,0.2401,0.203,0.0,0.0,0.0,4.2309,3.3038,6.8412,3.0222,6.1521,2.1356,0.0,2.104,22.2035,0.0,0.0,0.0,0.0,0.0,0.0,4.9212,269.9964,4.9113,1.6389,4.9956,66.0,30.5124,29.3971,3.5042,12.1952,5.2171,0.0,2.1818,48.3503,0.0,607.6198,237.5199,233.1802,331.9403,372.7599,0.0,65.4752,461.8182,49.004,1.0362,,2.1515,0.2208,7.7958,14.9743,10.3009,0.0,316.3695,228.5714,0.0,0.0,0.0,0.0,0.0,0.0,0.0,0.0,0.0,70.9141,430.7692,0.0,0.0,0.0,0.0,,,,1.6553,1.3953,0.0,14.0149,0.2475,6.1213,4.5616,0.3456,6.4497,0.0,0.0,0.0,0.0,0.0,0.0,0.0,0.0,0.0,0.0,0.0,3.5956,2.2356,4.5757,0.1107,0.0065,0.002,5.8816,,,,,,,,,,,,,0.9492,0.1616,0.042,17.0256,260.078,0.5901,11.49,0.042,4.453,0.0157,4.4179,7.1115,536.6882,2.1806,6.58,0.2566,2.3367,0.0884,1.226,11.768,,,,,0.4948,0.0124,0.003,2.5147,0.0215,0.0071,0.0027,33.109
2008-11-09 22:07:00,3069.31,2448.37,2174.7555,1206.3506,1.4202,100.0,104.2622,0.1246,1.4372,-0.0047,-0.0148,0.9569,199.1364,0.0,11.0208,410.321,9.8111,0.9764,189.3253,12.5531,1.3809,-5536.5,2862.75,-4659.3333,54.0,1.3075,1.9648,7.2237,74.6889,2.6556,0.1802,3.3762,84.8937,8.6074,50.3191,64.2041,49.6809,65.8516,87.024,119.1106,78.49,2.653,70.0,352.8582,10.119,136.1436,731.9578,1.4231,142.8364,1.0,631.8382,223.6881,0.0,4.601,4.837,2850.0,0.9327,0.9512,4.4994,1.5218,351.4173,10.5529,117.6655,15.2337,18.4782,25.9831,705.9747,1.0668,147.5218,1.0,616.6045,99.1055,,,0.0,-0.0178,0.0196,-0.0229,0.029,-0.0141,0.0416,-0.0488,0.0038,7.4913,0.127,,2.3972,0.9922,1713.0425,0.1887,9029.1101,0.0,-0.0022,0.0003,0.0,0.0,0.0,0.0,0.0,0.0,0.0,0.0,0.0,-0.0102,0.0004,0.0,0.0,0.0,0.0,,,,,0.9214,0.0,754.0153,0.9906,58.4395,0.6117,0.9796,6.3988,15.78,4.666,15.83,15.78,1.144,2.786,0.7879999999999999,3.215,0.0473,0.8216,0.997,2.3207,1007.2267,39.3938,120.0,164.0,153.2,37.2,310.026,0.3745,0.0,9.76,0.0031,0.0673,0.0528,0.0692,0.0193,14.5136,0.0,8.06,5.775,0.5885,0.0091,13.9838,0.3,0.0747,,,312.0,1276.0,2145.0,815.0,0.155,0.171,0.308,1.9,1.4,0.096,0.459,0.746,0.1166,0.4131,0.6374,0.4131,0.7854,0.1896,0.307,0.0,0.0,21.28,0.6,15.27,34.808,0.1045,11.0,0.0,17.88,75.625,0.0,0.0,0.0,0.0,0.0,0.0,0.303,22.46,25.28,0.612,36.53,19.98,22.46,25.268,34.857,0.1976,6.44,0.0,19.98,40.37300000000001,0.0,0.1048,0.057,0.0763,0.0274,0.1013,0.0389,0.0752,0.1225,2.8747,0.0019,,0.0334,0.0018,127.5157,0.0225,267.7002,0.0,0.0213,0.0098,0.0,0.0,0.0,0.0,0.0,0.0,0.0,0.0,0.0,0.0038,0.0064,0.0,0.0,0.0,0.0,,,,,0.0106,0.0,31.7703,0.0012,1.7824,0.0182,0.0052,0.5825,0.0,0.0,0.0,0.0,0.0,0.0,0.0,0.0,0.0,0.0,0.0,0.0864,11.14,4.1829,33.1438,54.9602,45.3547,14.3746,107.473,0.1116,0.0,3.0985,0.0009,0.0219,0.0128,0.0204,0.0066,4.437,0.0,2.6509,2.1536,0.1685,0.003,4.3066,0.0825,0.0293,,,134.9975,538.2994,1075.607,381.0328,0.0634,0.073,0.1539,0.6882,0.5434,0.0283,0.1787,0.2872,0.0487,0.168,0.24,0.168,0.2965,0.073,0.1211,0.0,0.0,0.0,5.8638,0.1682,5.2156,10.1622,0.0365,3.0533,0.0,5.1038,22.7984,0.0,0.0,0.0,0.0,0.0,0.0,0.1044,6.2317,6.9458,0.1862,10.0484,13.4211,6.2317,6.9186,11.9078,0.0575,2.2054,0.0,6.4507,14.2706,,,0.0,0.0281,0.026,0.0339,0.0113,0.0267,0.0167,0.0371,0.0502,1.0461,0.0006,,0.0134,0.0005,39.8289,0.0074,84.4756,0.0,0.005,0.0032,0.0,0.0,0.0,0.0,0.0,0.0,0.0,0.0,0.0,0.0012,0.0021,0.0,0.0,0.0,0.0,,,,,0.0033,0.0,8.3191,0.0004,0.6025,0.0059,0.0016,0.1873,0.0,0.0,0.0,0.0,0.0,0.0,0.0,0.0,0.0,0.0,0.0,0.0289,3.8469,1.3047,5.2593,5.3432,6.2572,1.7105,25.6995,26.3684,0.0,9.361,2.487,4.6828,0.0,468.3587,2.0185,7.2883,0.0,73.1343,1.4074,5.9988,0.9338,7.3861,2.3899,5.4103,5.6353,44.5725,46.0366,0.0,11.8547,8.7034,4.2637,2.5439,52.7197,53.2676,13.5951,0.8787,1.3549,0.821,0.9928,0.8315,1.1927,0.2179,0.2577,0.0,0.0,0.0,6.0308,5.9294,11.2161,4.7555,7.3423,7.7011,0.0,2.8298,33.8082,0.0,0.0,0.0,0.0,0.0,0.0,6.7342,0.0,7.1937,5.7994,31.0456,131.1569,121.5488,97.248,4.9374,18.5219,4.3655,0.0,3.2403,40.7374,0.0,587.7322,290.8163,332.4619,94.4828,719.3964,93.6221,154.0195,0.0,38.3736,1.4957,,1.3927,0.1818,7.4438,11.9022,2.9649,0.0,987.8261,0.0,0.0,0.0,0.0,0.0,0.0,0.0,0.0,0.0,0.0,37.1184,0.0,0.0,0.0,0.0,0.0,,,,,1.1528,0.0,4.2135,0.126,3.05,2.9739,0.5343,9.1038,0.0,0.0,0.0,0.0,0.0,0.0,0.0,0.0,0.0,0.0,0.0,3.7232,1.106,10.6182,0.1143,0.0084,0.0024,7.3894,1.2743,404.858,71.99,1.0153,8.52,1.15,0.464,3.3647,0.4516,79.67699999999998,2.1044,1.5974,0.9225,0.1355,0.027000000000000003,14.6843,261.706,0.7246,9.75,0.1534,3.6241,0.07,3.7256,21.1654,533.3382,2.4033,9.43,0.5611,3.4173,0.1642,1.7681,23.3488,0.0406,0.0268,0.0091,66.1687,0.4994,0.0099,0.0028,1.9755,0.0406,0.0268,0.0091,66.1687
2008-11-09 23:10:00,3090.47,2314.52,2169.1111,1431.874,1.0321,100.0,100.1744,0.1252,1.3819,-0.0041,0.0036,0.9674,200.4667,0.0,10.9391,405.5035,9.913,0.9806,190.5537,12.522,1.4137,-5393.5,2612.75,-3211.5,-3497.0,1.3062,1.9743,7.2382,67.2778,2.3667,0.1606,3.4662,85.8807,9.754,50.2775,63.9959,49.7225,66.5687,87.1954,118.0116,65.11,3.462,70.0,351.4509,10.0698,146.4927,746.6661,1.2778,146.7336,1.0,644.6773,221.8944,0.0,4.586,4.8439999999999985,2864.0,0.9267,0.9467,4.5488,-0.8736,354.6036,10.2283,125.6191,15.46,20.8736,28.9348,717.7313,1.0828,148.9945,1.0,629.2173,120.7715,164.3435,464.8738,0.0,0.0031,-0.046,0.0387,-0.006999999999999999,0.0188,0.0084,-0.0224,-0.0036,8.2615,0.1404,,2.3752,0.9843,1734.8192,0.1932,8940.9601,-0.0046,-0.0024,-0.0011,0.0001,0.0,-0.0947,0.0,0.242,-0.014,-0.0001,0.0001,-0.0361,-0.0108,0.0002,0.0024,0.0012,-0.0071,0.0464,,,,,0.9066,0.0,660.9779,0.9895,58.078,0.5934,0.9635,6.5494,15.75,4.024,15.7,15.75,1.0590000000000002,2.992,0.6766,3.277,0.0473,0.8692,1.003,2.3907,1016.6978,40.8991,94.0,95.0,197.1,50.4001,585.9590000000002,0.2602,0.0,8.29,0.0033,0.0617,0.0819,0.0404,0.0126,11.9858,0.0,6.2360000000000015,6.1770000000000005,0.5582,0.0064,11.4276,0.25,0.0394,0.0314,783.1006,537.0,189.0,4062.0,7079.0,0.109,0.051,0.092,2.5,1.1,0.166,0.35600000000000004,0.4955,0.0807,0.3767,0.5871,0.3767,0.9365,0.2261,0.166,0.0,0.0,13.47,0.4920000000000001,14.03,36.076,0.1037,8.95,0.0,19.46,40.293,0.0,0.0,0.0,0.0,0.0,0.0,0.251,8.27,19.03,0.362,8.6,18.1,8.27,7.561,31.032,0.1316,6.2,0.0,18.1,95.314,0.0,0.0926,0.0579,0.0372,0.0429,0.1027,0.0806,0.1092,0.0461,2.2336,0.0026,,0.039,0.0215,80.3799,0.0399,565.0996,0.0,0.0092,0.0126,0.0,0.0,0.0,0.0,0.0,0.0,0.0,0.0,0.0,0.0038,0.0038,0.0,0.0,0.0,0.0,,,,,0.061,0.0,71.4711,0.0008,2.4871,0.0125,0.0327,0.5345,0.0,0.0,0.0,0.0,0.0,0.0,0.0,0.0,0.0,0.0,0.0,0.1077,10.84,7.1243,25.8781,31.2098,63.3155,16.4241,187.0482,0.075,0.0,2.6022,0.0009,0.0203,0.0251,0.0118,0.0042,3.6927,0.0,1.9053,2.0916,0.1622,0.0021,3.5478,0.0715,0.0136,0.0102,236.8365,279.6861,79.0459,1709.5897,3192.3654,0.0461,0.0218,0.0386,0.7918,0.3742,0.0559,0.142,0.2118,0.0379,0.147,0.222,0.147,0.358,0.1003,0.0648,0.0,0.0,0.0,4.6235,0.1192,4.079,11.0498,0.0293,2.6021,0.0,6.049,11.7883,0.0,0.0,0.0,0.0,0.0,0.0,0.0819,2.3691,5.8763,0.1102,3.0316,9.2436,2.3691,2.0038,10.1037,0.0361,2.2654,0.0,5.9627,31.1773,5.0688,1.9642,0.0,0.0276,0.0275,0.0168,0.018000000000000002,0.0338,0.0459,0.0535,0.0229,0.6711,0.0008,,0.0154,0.0066,29.558000000000003,0.012,173.6668,0.0,0.0027,0.0034,0.0026,0.0022,0.0,0.0,0.0,0.0,0.0,0.0,0.0,0.0013,0.0013,0.0,0.0,0.0,0.0,,,,,0.0149,0.0,23.1269,0.0003,0.7791,0.0048,0.0101,0.1837,0.0,0.0,0.0,0.0,0.0,0.0,0.0,0.0,0.0,0.0,0.0,0.038,3.2514,2.4282,4.1709,3.074,8.5158,2.3235,40.9225,25.2106,0.0,8.2756,2.6363,4.465,0.0,0.0,1.2991,5.9789,0.0,57.0066,1.5233,5.6309,0.6533,5.9971,1.9965,2.7856,9.9564,7.2338,126.483,202.4307,8.3445,2.5833,1.271,3.7159,46.4789,103.391,10.2705,0.5770000000000001,0.8274,0.7492,0.9174,0.7576,1.4068,0.2593,0.1407,0.0,0.0,0.0,3.8327,4.8859,9.5773,4.8316,8.1155,6.0995,0.0,3.0186,18.1586,0.0,0.0,0.0,0.0,0.0,0.0,5.5179,946.6191,5.3666,3.5392,6.8461,117.0762,39.6194,26.1313,4.3236,12.1537,4.1612,0.0,2.8766,78.921,0.0,0.0,125.938,96.062,610.6762,547.3684,959.5238,487.5,0.0,27.0362,1.852,,1.6421,2.1828,4.6333,20.6552,6.3203,0.0,387.3684,0.0,0.0,0.0,0.0,0.0,0.0,0.0,0.0,0.0,0.0,35.1852,0.0,0.0,0.0,0.0,0.0,,,,,6.7329,0.0,10.8129,0.0782,4.2823,2.103,3.3975,8.1616,0.0,0.0,0.0,0.0,0.0,0.0,0.0,0.0,0.0,0.0,0.0,4.5044,1.0662,17.4192,0.1139,0.0102,0.0027,8.9456,1.2739,407.984,73.83800000000002,1.5485,18.36,0.85,0.6559999999999999,8.9945,0.3422,121.5593,4.5002,1.1512,0.9154,0.2826,0.0608,30.8742,248.322,0.7006,5.76,0.127,2.4276,0.0509,2.3196,18.1262,529.9273,2.3342,9.5,0.3875,3.4972,0.1178,1.7927,16.6009,,,,,0.4949,0.0097,0.003,1.9589,0.0406,0.0268,0.0091,66.1687
2008-11-09 23:48:00,2896.84,2512.61,2190.1555,1298.8207,1.3947,100.0,105.7411,0.1242,1.4228,-0.0011,-0.0002,0.9424,203.0609,0.0,4.0941,411.8318,9.6912,0.9669,193.3697,12.4002,1.4118,-5545.25,2554.25,-4644.5,-384.0,1.2858,1.9892,7.2782,68.6111,2.9778,0.2156,3.4219,84.7188,8.7073,50.2823,64.6813,49.7177,66.1561,86.7952,118.294,77.76,2.475,70.0,352.8691,10.1569,135.08,730.7969,1.4256,143.0573,1.0,631.0064,219.7834,0.0,4.601,4.837,2850.0,0.9327,0.9512,4.4994,1.7073,353.4036,10.5671,116.7873,17.8028,18.2927,25.4819,705.315,1.0656,143.0127,1.0,613.2036,112.7908,,,0.0,-0.0249,-0.0197,0.05,0.029,0.0057,0.0078,-0.0101,0.0063,7.8516,0.1448,,2.4378,0.9647,1832.1975,0.1984,8434.25,-0.0077,0.001,-0.0013,0.0001,0.0,-0.1086,0.0,0.1761,-0.0084,0.0001,0.0001,-0.0052,-0.0088,0.0001,-0.001,0.0013,-0.0451,0.0082,,,,,0.961,0.0,726.8839,0.9906,58.9077,0.6107,0.9803,6.3138,15.77,4.796,15.84,15.74,1.144,2.825,0.7833,3.238,-0.3784,0.7447,0.9957,2.3275,1003.5267,37.9309,139.0,90.9,53.3,53.6001,330.196,0.5703,0.0,6.64,0.0044,0.0968,0.0533,0.0469,0.0292,8.4232,0.0,5.066,10.437,0.4841,0.0143,7.939,0.27,0.0233,,,644.0,249.0,4202.0,3419.0,0.131,0.099,0.289,3.2,1.2,0.151,0.255,0.5139,0.1298,0.2517,0.5868,0.2517,0.6009,0.1776,1.014,0.0,0.0,19.83,0.365,15.84,35.0569,0.1435,6.32,0.0,23.19,86.845,0.0,0.0,0.0,0.0,0.0,0.0,0.303,23.55,22.12,0.971,37.19,29.12,23.55,25.974,34.501999999999995,0.1994,8.01,0.0,29.12,85.395,0.0,0.0998,0.051,0.0459,0.0278,0.0794,0.1152,0.1066,0.0493,6.4344,0.0029,,0.0495,0.0104,118.2393,0.0342,808.8003,0.0,0.011,0.0095,0.0,0.0,0.0,0.0,0.0,0.0,0.0,0.0,0.0,0.004,0.0061,0.0,0.0,0.0,0.0,,,,,0.0095,0.0,89.1933,0.0005,1.7657,0.0148,0.0052,0.4354,0.0,0.0,0.0,0.0,0.0,0.0,0.0,0.0,0.0,0.0,0.0,0.0837,22.435,1.7356,32.7834,30.9967,19.2222,17.5607,136.0083,0.2434,0.0,2.3103,0.0012,0.0318,0.0161,0.0112,0.0097,2.6398,0.0,1.533,3.7196,0.13699999999999998,0.0047,2.5164,0.0832,0.0098,,,285.0805,115.2718,1924.9813,1676.7236,0.0548,0.0481,0.1215,0.948,0.4147,0.0503,0.0823,0.1883,0.0498,0.0941,0.2101,0.0941,0.2304,0.0688,0.4148,0.0,0.0,0.0,6.0207,0.0998,5.1583,10.3188,0.0443,1.802,0.0,6.8075,25.6673,0.0,0.0,0.0,0.0,0.0,0.0,0.1044,6.4526,6.6664,0.2866,10.3811,14.2646,6.4526,6.9005,11.5963,0.0566,2.2197,0.0,8.6245,23.2259,,,0.0,0.0258,0.0246,0.0224,0.0125,0.0212,0.0576,0.0524,0.0235,2.1385,0.001,,0.0169,0.0034,38.2891,0.0123,240.3851,0.0,0.0031,0.0028,0.0027,0.0025,0.0,0.0,0.0,0.0,0.0,0.0,0.0,0.0012,0.002,0.0,0.0,0.0,0.0,,,,,0.003,0.0,30.5161,0.0002,0.4713,0.0057,0.0015,0.1303,0.0,0.0,0.0,0.0,0.0,0.0,0.0,0.0,0.0,0.0,0.0,0.0276,7.6461,0.6262,6.4202,3.1379,2.1213,2.4473,25.4228,40.8872,0.0,6.2795,3.5413,6.8035,0.0,0.0,3.0978,4.1481,0.0,123.7393,2.5343,4.9956,1.4776,4.1056,2.1774,1.6518,11.6135,9.7485,90.4726,890.3646,10.1886,4.9768,3.9707,4.664,40.2985,70.0515,7.452000000000001,0.6066,1.4902,0.5006,0.9072,0.5063,0.9083,0.2046,0.8572,0.0,0.0,0.0,5.6196,3.5936,11.7264,4.7971,10.067,4.4178,0.0,3.6751,39.5139,0.0,0.0,0.0,0.0,0.0,0.0,6.7342,0.0,6.2591,9.1889,31.8442,163.5702,128.7397,101.9313,4.8917,18.7123,5.6009,0.0,4.7488,75.7109,0.0,400.7026,258.8832,91.8919,96.0276,0.0,0.0,0.0,785.6574,81.9496,2.0032,,2.0288,1.0792,6.4534,17.2192,9.5895,0.0,0.0,727.2727,0.0,0.0,0.0,0.0,0.0,0.0,0.0,0.0,0.0,45.4545,0.0,0.0,0.0,0.0,0.0,,,,,0.9936,0.0,12.2706,0.0498,2.9974,2.4212,0.5312,6.8959,0.0,0.0,0.0,0.0,0.0,0.0,0.0,0.0,0.0,0.0,0.0,3.5956,2.2356,4.5757,0.1143,0.0084,0.0024,7.3894,0.8325,402.292,81.958,0.3658,17.72,1.4,0.1822,8.3613,0.6921,43.9373,4.4048,1.7082,0.9524,0.1068,0.0318,11.2186,264.272,0.5671,4.98,0.0877,2.0902,0.0382,1.8844,15.4662,533.3382,2.4033,9.43,0.5611,3.4173,0.1642,1.7681,23.3488,,,,,0.5022,0.0346,0.0073,6.8855,0.0406,0.0268,0.0091,66.1687
